,Unnamed: 0,Line,Keyword_1,Keyword_2,Keyword_3,Keyword_4,Keyword_5,Keyword_6,Keyword_7,Keyword_8,Keyword_9,Keyword_10
0,1,0,Microcrystalline carbonate,Vein surfaces,Angular clasts,Rounded clasts,Alluvium thickness,Bedrock surfacing,Mixed lithologies,Serpentinization,Oxidation,Carbonation
1,2,1,network,veins,euhedral crystals,serpentinisation,carb veins,planes of weakness,dykes,oxidation,carbonation,bulk rock
2,3,2,Serpentinization,Mesh texture,Black veins,White carb veins,Dyke,Open cracks,Dunite,Gabbroioc dyke,Carbonation,Carb vein exploitation
3,4,3,Microbio,Sample,Serp,Dunite,Microgabbro,Dyke,Carb,Ox,Petrology,Geological Formation
4,5,4,Mesh texture,Black veins,Serp veins,Green serp,Carb veins,Gabbroic dyke,Euhedral crystals,Open crack,Dunite,Ox
5,6,5,irregular network,carbonate veins,cavities/voids,fibrous crystals,serp veins,open cracks,orientation,serp dunite,gabbroic dykes,oxidation
6,7,6,Irregular network,Black veins,White carb veins,Euhedral crystals,High carb vein intensity,Serp dunite,Oxide,Pale green to pale pink,Cataclased,Clasts
7,8,7,Irregular,Serpentine veins,Waxy green,Black,Brown,White carbonate veins,Open crack,Horizontal to vertical,Serpentinized dunite,Oxidized
8,9,8,carbonate veins,microbi sample,serpentine,dunite,alteration,0,0,0,0,0
9,10,9,Serpentine veins,Carbonate veins,Waxy green,Euhedral crystals,Irregular network,Sub-vertical,Open cracks,Dunite,Oxidized,Fine carbonate
10,11,10,Mesh texture,Serp veins,White carb veins,Reactivate,Subvertical vein,Cataclastic zone,Open crack,Thick carb veins,Altered gabbroic dyke,Modal px
11,12,11,Black serp,Irregular veins,Mesh texture,Bottle green,Waxy green,Carb veins,Subhorizontal,Voids/vughs,Open cracks,Altered gabbroic dyke
12,13,12,Mesh serp texture,Black vein net,Green serp veins,White carb vein network,Serp dunite,Altered gabbroic dykes,Serpentinisation,Oxidation,Lineation grooves,Open cracks
13,14,13,Black serpentine veinlets,Waxy green serp veins,Carbonate veins,Reactivating,Predominantly dip,Open cracks,Serpentinized dunites,Horizontal oxidized gabbroic dyke,Mesh and vein net,Intense serpentinisation
14,15,14,black,serpentine,veins,white,carbonate,microbiology,dunite,mesh,oxidation,network
15,16,15,serpentine veins,carbonate veins,gabbro dyke,open cracking,lineation grooves,cataclasite,dunite,altered gabbroic dykes,magnetite,oxidised contacts
16,17,16,Black vein net,Dunite,Green black serp veins,Carbonate,Rim,White carb vein net,Dyke,Composite vein,Open cracks,Serpentinised
17,18,17,mesh serp,black serp vein,carb,finer vein net,carbonate veins,open cracks,altered gabbroic dykes,serp,ox,serpentinisation
18,19,18,Black serp veins,Green and black veins,Carbonates,White carb veins,Milky white veins,Shera zone,Grain size reduction,Displaced dyke,Altered gabbroic dykes,Oxidation
19,20,19,Black serp vein net,green black serp thicker veins,carb,intense vein net,dyke contact,open cracks,serp dunite,altered gabbroic dyke,ox,0
20,21,20,serp,dunite,mantle,rocks,geology,metamorphism,minerals,tectonic,processes,geothermal
21,22,21,Black serp vein,Steeply dipping,Waxy green,Carb vein,Serp clasts,Vughs lineation,Crak surface,Gabbroic dyke,Serpentinisation,Oxides (magnetite)
22,23,22,mesh serp,irregular black serp vein net,green and black veins,altered and oxidised,cataclastic texture,open cracks,serp dunite,gabbroic dyke,low altered pyroxenes,0
23,24,23,Black,Serpentine,Veins,Green,Carbonate,White,Gabbro,Dyke,Oxidation,Pyroxenes
24,25,24,Serpentine,Dunite,Carbonate,Oxidation,Mantle,Alteration,Mineralogy,Petrology,Serpentinite,Geology
25,26,25,Black serpentine,Waxy green,Thick veins,Carbonate veins,Magnetite-rich,Dip angle,Sub-vertical,Open crack,Serp dunite,Oxidation
26,27,26,Black Serp,Green Waxy,Thin Carbonate,Gabbroic Dykes,Veinlets,Oxides,Horizontal Cracks,White Carbonate,Hematite,Serpentinisation
27,28,27,Black serp vein net,Waxy green,Thicker veins,Cataclastic,Red oxidized zone,Fine white carbonate veins,Sub-horizontal,Open crack,Serp dunite,Serpentinisation
28,29,28,Black,Serpentine,Carb Veins,Concentrate,Open Cracks,Fragmented,Dunite,Gabbroic Dykes,Oxides,Magnesite
29,30,29,Serp veins,Carb veins,Magnetite,Oxidation,Vein dip,Lineations,Open crack,Serpentinisation,Carbonation,Thickness
30,31,30,black serp,net,oxidized veins,hematite,fault breccia,lineations,dunite,magnetite,carbonate veins,fracturing
31,32,31,Black Serpentine,Vein Net,Carb Veins,Fractured,Lineation,Serpentine Dunite,Magnetite,Oxidation,Bulk Rock,19-24 cm
32,33,32,Serpentinisation,Carbonation,Veins,Serpentine,Carb,Dunite,Magnetite,Crystals,Opx,Lineation
33,34,33,Serpentine,Carbonation,Vein,Microcrystalline,Calcite,Lineation,Harzburgite,Opx,Black vein network,Serpentinization
34,35,34,Carb veins,Green-white mineral,Dendritic magnetite,Altered gabbro dyke,Micro to coarse textures,Highly altered,Chlorite,Serp,Epidote,Diopsidite
35,36,35,glassy white vein,chlorite,diopsidite,fine carb veins,black serp,carb vein,unit lineation,open surface,altered gabbro,oxidized
36,37,36,Microbiological,Gabbro unit,Continuous contact,Harzburgite,40-50 cm,Mineral composition,Geology,Plate tectonics,Geochemistry,Microbial ecology
37,38,37,Carb veins,Serp veins,Gabbroic dykes,Subvertical,Green serp,Offset,Dip,Altered gabbroic dykes,Serpentinisation,Carb veins along black serp
38,39,38,Serpentine,Carb,White Mineral,Diopside,Gabbroic dyke,Irregular,Fragmented,Harz,Intense damage,Altered
39,40,39,Black,Serpentine,Net,Fine,White,Carb veins,Fracturing,Angular clasts,Cataclastic intervals,Altered gabbroic dyke
40,41,40,Black Serpentine Vein Net,Irregular White Carb Veins,Damage,Fractured,Angular Clasts,Open Crack,Serpentine Dunite,Large Magnetite Grains,Altered Gabbroic Dyke,Serpentinized
41,42,41,intense black serp,waxy green core,carb veins,open crack,cataclastic zone,serpentine,talc,lineations,magnetite grains,carbonatised veins
42,43,42,Black serp vein net,Waxy green serp veins,Carb vein net,Vughs,Open crack surface,Lineations,Slikensides,Microcrystalline pyrite mineralisation,Abundant magnetite,Oxidation
43,44,43,Intense,Irregular,Black,Serp Vein Net,Euhedral Calcite,C Axis,Hematite,Damage Zone,Serp Dunite,Carb Veins
44,45,44,Black irregular serp veins,Waxy green and bottle green serp veins,Milky white veins,Carb veins,Cataclastic serpentine zone,Euhedral calcite,Lineation,Altered gabbroic dyke,Serp harz,2-3-mm waxy green serp veins
45,46,45,veins,dyke,crack,altered,gabbroic,harz,serpentine,carb,steep,0
46,47,46,Black serp vein net,Waxy green,Shallow white carb vein net,Cataclastic serp,Fracture pattern,Open cracks,Serp,Carb,Ox,Magnetite
47,48,47,Black,Green,White,Cracks,Calcite,Serp dunite,OpX,Magnetite,Gabbroic dyke,Oxidation
48,49,48,Microbio,Serp,Veins,Black,White,Net,Fine,Harzburgite,Sample,Carb
49,50,49,Veins,Serp,Carb,Fragment,Alteration,Calcite,Pyrite,Harzburgite,Gabbroic Dyke,Ox
50,51,50,Black,veins,network,clasts,serp,carb,horizontal,lineation,dunite,gabbroic
51,52,51,irregular,black,white,green,propagated,carbonate,carb,calcite,magnetite,ox
52,53,52,Underlain,Black serp vein network,Carb veins with vugs,Serp veins in the core,Intensely veins and fractures,Partially serp and ox harzburgite,Altered gabbroic dykes,"Serp, ox, carb",Pyroxenes altered (ox),Exploiting serp veins
53,54,53,Irregular net,Black,Green/white,Serp,Carb,Bottom contact,Fault rock,14 cm,Dipping ~60 deg,Altered
54,55,54,Serp,Carb,Ox,Veins,Cataclasites,Angular fragments,Milky mineral,Fine grain matrix,Magnetite,Fault-related alteration
55,56,55,Careful,Sample,Strong,Crystal,Shape,Preferred,Orientation,Calcite,Fault,"Serp, Carb, Ox"
56,57,56,Caution,Preferred orientation,Serp vein network,Carb veins,Euhedral calcite,Lineation,Sulfaides,Magnetite,Dunite,Bulk rock
57,58,57,Irregular network,"Black, green, and white",Serp vein,White carb veins,Intensely fractured,Gouge and/or cataclasite,Competent rock,Black serp dunite,Smell of sulphur,Bulk rock and vein
58,59,58,fault gauge,black,fine-grained,comminuted,friable,wet,serp dunite,px,magnetite,sulphur smell
59,60,59,fault gauge,black,comminuted,friable,microbi sample,serp dunite,px,magnetite,sulphur smell,fault related
60,61,60,fault gauge,black,comminuted,friable,white crystals,serp dunite,possibly px,magnetite,sulphur smell,fault related
61,62,61,non-visible,fine-grained,intensely comminuted,friable,Microbio Sample,Black,Serp Dunite,px,magnetite,fault-related
62,63,62,Intense black serp veins,Green serp,Intense white serp,Carb vein net,Brecciation,Cataclasis,White swelling mineral,Serp harz,Magnetite,Fault-related
63,64,63,Intense,Black,Green,White,Carb vein net,Brecciation,Cataclasis,Swelling mineral,Serp harz,Fault-related
64,65,64,Serp veins,Black with green,White serp,Carb vein,Net brecciation,Cataclasis,White swelling mineral,Serp harz,Magnetite,Fault-related
65,66,65,Intense black serp veins,Green serp,Intense white serp,Carb vein net,Brecciation,Cataclasis,White swelling mineral,Serp harz,Magnetite,Fault-related
66,67,66,Serpentine,White,Carb,Brecciation,Cataclasis,Gypsum,Talc,Fault-related,Magnetite,Px
67,68,67,Black veins,Green veins,White serpentine,Carb vein net,Brecciation,Cataclasis,White swelling mineral,Shear surfaces,Open cracks,Magnetite
68,69,68,Serpentine,Veins,Brecciation,Magnetite,Sulphur,Fault,Black,Green,White,Clasts
69,70,69,Intense black serp veins,Green serp,Intense white serp,Carb vein net brecciation,Clasts,Serp harz,Magnetite,Smell of sulfur,Fault-related,Minor carb
70,71,70,Black serp vein,Dunitic fragments,White carb veins,Fragmented-breccia,Angular clasts,Serp dunite,Gabbroic dyke serp,Minor carb,Network,Fine
71,72,71,Black serp vein,Waxy green serp veins,Carbonate veins,Open cracks,Euhedral calcite,Hematite,Lineation,Serp dunite,Magnetite,Oxidation
72,73,72,Black serp vein net,white carb,breccia,angular clasts,crack,cataclastic,serp dunite,gabbroic dyke,darker zone,bulk and vein
73,74,73,black serp vein,waxy green serp veins,carbonate vein,open cracks,brecciated,swelling mineral,gypsum,talc,serp dunite,bulk serp
74,75,74,Black,Serpentine,Vein,Carb,Oxidation,Green,Intense,Horizontal,Harburgite,Opx
75,76,75,Black serp vein net,Waxy green subversion,Shallow white serp and carb vein net,Fragmentation,Cataclastic serp,Fracture pattern,High vein intensity,Serp dunite,Ox in open cracks,Carb in veins
76,77,76,Black,serpentine,magnetite,angular,dyke,fragments,carb,dunite,gabbroic,altered
77,78,77,Black serp veins,White and green serp veins,Carb veins,Veining intensity,Euhedral calcite,Pyrite,Sub-horizontal cracks,Serp harzburgite,Altered opx,Bulk carb
78,79,78,Black,Serp,Vein,Network,White,Carb,Sub-horizontal,Lineation,Magnetite,Ox
79,80,79,Black serp veins,White serp veins,Carb vein network,Thickness (0.3 to 1.5 cm),Sub-horizontal,Calcite and yellow-orange,Fragmented into angular clasts,Abundant magnetite grains,Altered gabbroic dyke,"Serp, ox, carb"
80,81,80,Serp,Cataclasites,Angular fragments,White mineral,Diop,Fine grain matrix,Carbonate veins,Dunite/harz,Magnetite,"Serp, ox, carb"
81,82,81,irregular,serpentinization,carbonate veins,fragmented,gabbroic dykes,ox,bulk,sub-vertical,angular clasts,serp veins
82,83,82,Black serp vein network,Green and black serpentine veins,Abundant magnetite,Fine grained fault gauge,Intensely comminuted,Friable,Fragmented blocks,Serp dunite,Sulphur smell,Minor carb
83,84,83,Black,white,serpentine,veins,magnetite,fault,fragmented,dunite,sulphur,bulk rock
84,85,84,serp,oxides,sulphur,magnetite,rocks,fragments,veins,clasts,angular,heterogeneous
85,86,85,Green-white serp veins,Carb vein,Vugs,Rim,>60 degrees dip,Altered,Microcristallized gabbroic dyke,12-13 cm thick,Gabbroic dyke,Associated
86,87,86,Black serpentine,Carb veins,Green serpentine veins,White serpentine veins,Fine-grained fault gauge ,Dunite,Magnetite,Sulphur,Bulk rock,Minor
87,88,87,Irregular,Fine,White,Serp,Black,Green,Glassy,Lineation,Dunite,Serpentinized
88,89,88,irregular,serpentine veins,white-grey network,magnetite,carbonation,crack,dunite,dip,black/green,0
89,90,89,regular,fine,white,serp veinlet network,black,green,serp veins,microbiology sample,black serp dunite,magnetite-rich
90,91,90,Irregular,Fine,White,Black,Serp vein,Dunite,Magnetite,Minor carb,Open crack,Bottom
91,92,91,Irregular,Serpentine,Veins,Black and green,Coalescence,Sigmoidal,Mud,Dunite,Magnetite,Cracks
92,93,92,Irregular,Fine,Serpentine,Veins,Black,Dunite,Magnetite,Gabbroic,Altered,Crack
93,94,93,Carb veins,Gabbroic dyke,Fine white,Crosscutting,Sub-horizontal,60 degrees dip,Altered,Coarse grain,2 to 7 cm,Minor carb
94,95,94,Irregular,Fine,White,Black,Serp,Magnetite,Minor,Carbonates,Open crack,Rich
95,96,95,Black,Green,White,Serpentine veins,Gabbroic dyke,Sub-horizontal,Sub-vertical,Altered micro-grains,Halo,Alteration
96,97,96,Irregular,serpentine,veinlets,black-green,carb,crystal,gabbroic dyke,magnetite,coalescence,open crack
97,98,97,Irregular,Fine,White,Black,Serpentine veinlets,Crosscutting,Discontinuous,Magnetite,Open crack,Geological formation
98,99,98,fine,white,green,serp veins,crosscutting,perpendicularly,gabbroic dyke,altered,coarse grain,dyke
99,100,99,irregular,fine,white,black,serpentine veins,crystals,vugs,green veins,coalescence,magnetite
100,101,100,Irregular,Fine,White,Black,Serp,Waxy,Propagating,Cross-cutting,Magnetite,Oxidation
101,102,101,Irregular,Fine,White and black,Serpentinite,Veinlet,Discontinuous,Perpendicular,Carb,Open cracks,Magnetite
102,103,102,irregular,veinlet network,black green serp,carbonate,waxy green,faint lineation,perpendicular white,dunite,magnetite,bulk/vein
103,104,103,Disparate,White,Serp veins,Chrysotile,Black,Serp network,Fine,Dunite,Magnetite,Carb
104,105,104,Disparate,White,Serp veins,Chrysotile,Microbio,Black,Dunite,Magnetite,Bulk,Vein
105,106,105,Irregular,Fine,White,Black,Waxi green,Cross-cutting,Open crack,Magnetite,Bulk and vein,Minor carb
106,107,106,Irregular,Fine,White/black,Serpentine,Carbonate,Green,Magnetite,Cross-cutting,Alteration,Minor
107,108,107,White carb veins,Altered gabbroic dyke,Micro to coarse grains,Minor carb in veins,Oxidation of minerals,65 to 71 cm,Thickness,Sub-vertical,Alternance,Minor
108,109,108,Veins,Black,White,Altered,Gabbroic,Dyke,Micro-grains,Coarse-grains,Minor,Sub-vertical
109,110,109,serpentinization,veins,thin,cross-cutting,dunite,magnetite,carbonate,crack,subvertical,wavy
110,111,110,Irregular,Veinlets,Waxy green,Gabbroic dykes,Open crack,Sub-horizontal,Serp dunite,Magnetite,Coarse grained,Carb veins
111,112,111,Irregular,White,Black,Vein network,Discontinuous,Waxy green,Crack,Carb rim,Dip,Magnetite
112,113,112,Veining,Fault,Serpentine,Network,Green veins,Carbonate,Lineation,Slickensides,Magnetite,Gabbroic dyke
113,114,113,Fine,Black,White,Vein network,Serp vein,Coalescence,Sigmoidal veinlets,Magnetite,Carbonation,Bulk
114,115,114,Microbio,Sample,Black,Serp,Dunite,Magnetite,White,Veins,Microorganisms,Mineralization
115,116,115,White veins,Thickness,Gabbroic texture,Alteration halo,Green serp veinlets,Wavy,Serpentine,Black serp dunite,Magnetite,Bulk and veins
116,117,116,Vein,Serpentine,Crack,Gabbroic,Vuggy,Homogeneous,Dunite,Magnetite,Bulk,Green
117,118,117,White,Soapy,Serpentine veins,Magnetite,Crystalline,Dykes,Fractures,Dunite,Alteration halo,Gabbroic
118,119,118,serp veins,alteration halos,gabbroic dyke,black serp dunite,magnetite,micro grains,wavy waxy green veinlets,parallel network,cross-cutting,bulk serp
119,120,119,Irregular,Black and white,Fine vein network,Green and white,Serp and carb vein,Wavy/waxy,Gabbroic dyke,Coalescence,Serp crystal,Minor carb
120,121,120,White,Black,Green,Serp veins,Gabbroic dyke,Altered,Micro grained,Ox,Carb,Voids
121,122,121,Irregular,White,Serpentine veins,Waxy,Green rim,Gabbroic dyke,Halo,Black serpentine dunite,Magnetite,Alteration
122,123,122,Vein,Serp,Network,Alteration,Green,White,Coalescence,Black,Oxidation,Gabbroic
123,124,123,Serpentine,Veins,Microbiology,Black serp dunite,Gabbroic dykes,Bulk,Alteration,Halos,Network,Sample
124,125,124,White veinlet network,Green veinlet network,Crosscutting,Gabbroic dyke,Dipping 60 deg,Black serp dunite,Gabbroic dykes,1-4mm thick,Serp in bulk and veins,Halo
125,126,125,Irregular,White,Sub-horizontal,2mm,V-shape,Black,Green,70 degrees,Magnetite,Alteration halo
126,127,126,irregular,fine,white,serpentine,vein,network,carbonate,sub-horizontal,magnetite,gabbroic
127,128,127,Irregular,Up to 5 mm thick,Carb and serp vein,majority sub-vertical,Broken part,Powdery appearance,Micro grained gabbroic dyke,Pegmatitic textures,Altered gabbroic dike,Carbonate filling vugs
128,129,128,Irregular,White serp network,Veinlets,Dip angle,Open cracks,Black serp dunite,Magnetite,Bulk serp,Vein serp,Thickness
129,130,129,serp veins,green network,gabbroic dykes,cataclastic,fine white veins,magnetite,alteration halo,bulk serp,ox in gabbroic dyke,plagio alteration
130,131,130,White veins,Pull-apart structure,Altered gabbro,Serpentine alteration,Low temp alteration,Pegmatitic deformation,Cataclastic deformation,Medium grain gabbro,Multiple injections,Grain size
131,132,131,Fibe white,Serp vein,Irregular,Mineral composition,Gabbroic dike,Cataclastic deformation,Dunite,Magnetite,Altered,Contact
132,133,132,Serp,Gabbroic dyke,Vein,Alteration,Wavy,Green,Discontinuous,Sub-vertical,Serpentinized,Magnetite
133,134,133,veins,serpentine,gabbroic dykes,black,sub-horizontal,sub-vertical,dunite,magnetite,alteration,amphibole
134,135,134,Fine,Irregular,Serp,V shape,Cataclastic fault,Black serpentinized dunite,Bulk and veins,Sulfides,Oxidation,38 cm to 55 cm
135,136,135,Fine,Irregular,White,Serp,Vein,Density,Zone,Cataclastic,Magnetite,Dunite
136,137,136,Fine,Serpentine,Gabbroic dyke,Coalescence,Sigmoidal veinlets,Black serpentinized dunite,Magnetite,Inclined gabbroic dyke,Completely altered,Horizontal fracture
137,138,137,Fine,Irregular,Serp veins,Carb vein,Cataclastic fault,Black mud,Angular clasts,Euhedral calcite,Serpentinized dunite,Magnetite
138,139,138,Serp veins,White-grey,Carb fill voids,Open cracks,White minerals,Angular pieces,Euhedral calcite crystal,Black serpentinized dunite,Magnetite,Gabbroic dyke
139,140,139,white,grey,serpentine veins,calcite crystal,coalescence,sigmoidal veinlets,sub-horizontal,dunite,magnetite,carbonate filling
140,141,140,Fine,mm thick,white-grey,serp veins,cataclastic,sigmoidal,veinlets,MICROBIO SAMPLE,magnetite,bulk
141,142,141,Serp,Veins,Thickness,White,Crystals,Green,Gabbroic dyke,Voids,Magnetite,Bulk
142,143,142,Serpentine,Calcite,Veins,Cataclastic network,Zig zag veins,Dunite,Oxidation,Euhedral crystals,Gabbroic dyke,Open cracks
143,144,143,Serpentine,Veins,Gabbroic dykes,Carbonate veins,Lineation feature,Calcite,Dunite,Magnetite,Altered gabbroic dyke,Oxidation
144,145,144,Irregular,Fine,<1mm thick,White,Serpentine,Gabbro,Carbonate,Deformed,Pegmatitic,Altered
145,146,145,Fine <1 mm thick,White serp veins,Dark green serp mantling,Light green serp,Vein network,Propagate,Gabroic dykes,Cataclastic vein network,High density veins,Serp in bulk
146,147,146,White,grey,serp,fine vein network,wavy green,up to 6 mm,cataclastic,sigmoidal veinlets,dunite,magnetite
147,148,147,Veinlets,Irregular network,Vein density,Gabbroic dyke,Catalastic deformation,Swarm of veins,Serpentinized dunite,Magnetite,Bulkrock,Perpendicular
148,149,148,Steeply incline,Green-grey,Serp,Veins,52 and 66 cm,Serpentinized dunite,Magnetite,Homogeneous,Fine network,Greenish grey veinlets
149,150,149,Altered gabbroic veins,Light green serpentine veins,Talc alteration,Perpendicular cutting,Fracturing,Serpentinized dunite,Magnetite,Vertical and semi-vertical serp veinlets,Serp in bulk rock and veins,White altered plag
150,151,150,irregular network,white,light green,veinlets,cataclastic deformation,serpentinized dunite,magnetite,bulk,veins,0
151,152,151,Vein intensity,Downsection,Serpentinized dunite,Magnetite,Gabbroic dyke,Alteration halo,Bulk rock,Intense alteration,White veinlets,Thin and wavy
152,153,152,Veins,Gabbro,Dunite,Igneous Contact,Serpentinized,Magnetite,Alteration,Gradual Change,Black,Grey Green
153,154,153,Cross-cutting features,Deformation style,Cataclastic deformation,Metagabbro,Variable grain size,Intense veining,Pervasive alteration,Milky white mineral,Contact with dunite,Serpentine or chlorite rich
154,155,154,Extensive,Fractured,Cataclastically deformed,Intrusion,Serpentinized dunite,Altered,Metagabbro,Gabbro,Interfingered,Grey/white alteration
155,156,155,Irregular network,White to grey veinlets,Mineral infilling,Cataclastic deformation,Density increase,Serpentinized dunite,Magnetite,Lighter colour alteration,Contact to metagabbro,Alteration halo
156,157,156,Irregular network,White to grey veinlets,Mineral infilling,Alteration halo,Wavy white veins,Serpentinized dunite,Magnetite,Gabbroic dyke,Pervasive serpentinization,Relict gabbroic texture
157,158,157,Fine,Serpentine,Vein,Green,Gabbroic dyke,High density,Zig-zag,Black dunite,Magnetite,Oxidation increase
158,159,158,0.2 cm,white veins,clay minerals,zeosite,albite,fractures,deformation,powdery,serpentine,alteration
159,160,159,Fine,< 1mm thick,White veins,Wavy,Waxy green veinlet,Gabbroic dyke,Black serp dunite,Magnetite,Serp in bulk,Vein
160,161,160,Fine,Irregular,Serpentine vein,Wavy,Waxy,Green vein,Gabbroic dyke,Crosscutting,Alteration halo,Sulfides
161,162,161,Irregular,Fine,White,Vein network,High density,Black,Dunite,Magnetite,Alteration,Serp
162,163,162,irregular,fine,white,serpentine,vein network,microbiology,sample,dunite,magnetite,bulk
163,164,163,Irregular,White serpentine veins,Gabbroic dyke,Black serpentine veins,Polygonal fractures,Dunite,Magnetite,Coarse grains,Subvertical branching,Gabbroic vein
164,165,164,Irregular network,White veinlets,Cross-cutting veins,Vein fracture network,Serpentinized dunite,Magnetite,Harzburgitic domains,Disperse sulphides,Gabbroic veins,Serp in bulk and veins
165,166,165,Inclined Vein Network,Domains,90 Degrees,Slickenslides,Open Crack,Serpentinitized Dunite,Px,Coarse Grained,Gabbroic Dyke,Bulk and Veins
166,167,166,Inclined vein network,Domain size,Zig-zag appearance,Crosscutting,Gabbroic dyke,Slickensides,Serpentinized dunite,Pegmatitic gabbroic dyke,Microgabbro dyke,Alteration
167,168,167,Gabbro dyke,White serp veinlets,Calcite,Dunite wall rock,Plag altered,Px altered,Green,Chlorite,Amph,Serp in dunitic wall rock
168,169,168,Irregular,Serpentine veins,Fracture,Gabbroic dykes,Magnetite,Alteration,Thickness,Color,Orientation,Serpentinization
169,170,169,Inclined 60 degrees,White serp veins,High density,Wavy green serp concentrate,Gabbro,Dunite,Altered gabbro,Troctolite,Plagio altered,Pink alteration
170,171,170,60 degrees dip,Fine,< 1mm thick,White veins,Larger white veins,Fragmented,Slickensides,Altered gabbro,Impregnation,Plagio altered
171,172,171,fine,white veins,impregnation zone,serp vein,dunite,black,net,magnetite,troctolite,bulk
172,173,172,Fine veins,white,thickness,deformation,sheared zone,cataclastic zone,serp clasts,gabbroic dyke,alteration,mineral composition
173,174,173,Irregular,Fine,White serp veins,Gabbroic branches,Black veins network,Lineations,Slickensides,Serp dunite rich in magnetite,Oxidation,Bulk serp
174,175,174,Wavy,Green,White,Serp,Ca-Si,Veins,Gabbroic,Dunite,Alterated,Plagio
175,176,175,White,Serp veins,Incline,Open fracture,Wavy/waxy,Green,Powdery,Dunite,Magnetite,Gabbroic dyke
176,177,176,Fine,White veins,Ca-Si,Gabbroic duke,Dunite,Deformed,Subvertical,Plagio,Altered,Serpentinized
177,178,177,white,fine,serp veins,wavy,green,gabbroic dyke,serp dunite,magnetite,altered,bulk
178,179,178,Intensity,Fine veins,White,Green,Serp veins,Bigger veins,Texture,Fracture,Magnetite,Harzburgitic zone
179,180,179,Irregular,Fine,Serpentine veins,Frankenstein veins,Microbio sample,Black,Dunite rich in magnetite,Serp in bulk,Veins,Network
180,181,180,irregular,fine,serpentine veins,gabbroic dykes,lineations,slickensides,black serp dunite,magnetite,alteration,intense serp vein network
181,182,181,Serpentine veins,Green and white,Coalescence,Thin,Dense,Dunite,Magnetite,Altered gabbro,Crosscutting dykes,Mineral alterations
182,183,182,Irregular fine,Serp veins network,Coalescence,Ca-Si,Gabbroic dyke,Black serp dunite,Magnetite,Harzburgitic zone,Altered gabbroic dykes,Alteration zone
183,184,183,"White veins,","Ca-Si,","Gabbroic dyke,","Dunite unit,","Coarse grain,","Plagio alteration,","Px alteration,","Chl alteration,","Amph alteration,",Alteration halo
184,185,184,fine white vein network,calcite rare,60-degree dip,crosscutting veins,gabbroic dykes,subvertical vein,dunite sharp contact,alteration of gabbro,white minerals,amph or chl
185,186,185,irregular,fine,white,green,black,serpentine,veins,alteration halo,magnetite,gabbroic dyke
186,187,186,Fine,Serpentine,Veins,Crack,Lineation,Black,Dunite,Magnetite,Sulfides,Homogeneous
187,188,187,Fine,<1 mm,White,Serp,0 to 6,18 cm,Dense,Harzburgite,Opx,Altered
188,189,188,High density,Fine,< 2mm thick,Wavy white,propagating,Deformed,Sheared,Clasts,Altered,Gabbroic dyke
189,190,189,Minor fine,White serp veins,2-3 mm thick,Green core,Ca-Si,Altered gabbroic dyke,Harzburgite,Opx,Carb,Vugs
190,191,190,Serpentinite,Veins,Alteration,Harzburgitic clasts,OpX,Gabbroic dykes,Green alteration zone,Pyroxenite,Diopsidite,Bulk
191,192,191,Irregular vein network,White serp veins,Black serp dunite,Green alteration zone,Deformed gabbroic patch,Coalescence,Magnetite,Microgabbroic patch,Alteration halo,Serp in bulk
192,193,192,Serp veins,Green and white veins,Ca-Si,Gabbroic dykes,Harzburgite,Black serp dunite,Magnetite,Coarse grains,Alteration halo,Bulk serp
193,194,193,Irregular,Fine,Serpentine,Veins,Green,Frankenstein,Net,Cataclastic,Harzburgite,Alteration
194,195,194,Irregular,Fine,Serpentine veins,Green veins,Gabbroic dykes,Wavy waxy,Cataclastic patches,Serp harzburgite,Px rich zones,Altered gabbroic dykes
195,196,195,Irregular,Fine,White,Serp veins,Green-grey,Open fracture,Alteration halo,Cataclastic veins,Black serp dunite,Magnetite
196,197,196,Irregular,Fine,Serpentine,Veins,Cross-cutting,Gabroic dyke,Coalescence,Cataclastic zone,Dunite,Harzburgitic zone
197,198,197,Irregular,Fine,White,Serpentine,Gabroic dyke,Cross-cutting,Coalescence,Lineations,Slickensides,Magnetite
198,199,198,Irregular,Fine,Serp veins,Gabroic dyke,Coalescence,Green magnetite-mantled,Lineations,Slickensides,Altered,Halo
199,200,199,Irregular fine veins,White and black serp veins,Coalescence,Sub vertical black serp veins,Alteration halo,Lineations,Slickensides,Black serp altered dunite,Px in the alteration halo,Bulk and vein serp
200,201,200,Veins,Striations,Gabbroic dyke,Serpentinized dunite,Magnetite,Px,Coarse-grained,Leucocratic dyke,Plag,Alteration
201,202,201,Serpentine,Dunite,Microbiology,Bulk,Veins,White,Short,Discontinuous,Patches,Alteration
202,203,202,soft white mineral,serpentine,veins,dunite,gabbro,cataclastic deformation,sheared,microgabbo,alteration,plag
203,204,203,Serpentine,Veinlets,Grey green,Composite texture,Vuggy,Inclined vein sets,Sheared domain,Brittle deformation,Gabbroic veins,Alteration halos
204,205,204,Irregular network,Fine,Serpentinization,Gabbro,Composite veins,Square pattern,Vuggy appearance,Altered dykes,Lineation,Milky white minerals
205,206,205,Irregular network of veins,Striations,Gabbroic dyke,Cataclastic appearance,Serpentine veins,Wavy green veins,Fracture,Lineations,Alteration halos,Plagioclase alteration
206,207,206,Network,Veins,Serpentine,Gabbroic,Green,White,Dykes,Alteration,Crack,Magnetite
207,208,207,Irregular,White veins,Striations,Cataclastic zone,Serpentine,Gabbroic dyke,Brittle deformation,Magnetite,Altered,Plagioclase
208,209,208,Irregular,Fine,White veins,Reactivating,Gabbroic dyke,Serp veins,Wavy green vein,Brittle open crack,Serp dunite,Patchy serp alteration
209,210,209,White-green veins,Ca-Si?,Gabbroic dyke,Dunite,Altered,Leucocratic pegmatitic,Plag,Px,Serp halo,Carb
210,211,210,White-green veins,Ca-Si,Gabbroic dyke,Altered leucocratic pegmatitic,White plag,Calc silicate,Diopside,Zoisite,Serp halo,Minor carb
211,212,211,irregular,white veins,wavy waxy green vein,gabbroic dyke,serpentinized dunite,coarse-grained,pegmatitic,altered,plag altered white,0
212,213,212,Irregular,Fine,Serp veins,Green rim,Black core,Coalescence,Sigmoidal veinlets,Striations,Serpentinized dunite,Homogeneous
213,214,213,Irregular network,Serp veins,Waxy wavy green,Crosscutting,Black serp,Zig zag veins,Serpentinized dunite,Altered gabbroic dyke,White minerals,Brown amphibole
214,215,214,Irregular network,Fine,White,Wavy,Waxy,Light green,Subvertical,Open,Black,Bulk and veins
215,216,215,Irregular,Fine,Serp veins,Wavy,Green,Gabbroic dyke,Ductile,Serpentinized dunite,Altered,Plag
216,217,216,Microbio sample,Black,Serpentinized,Dunite,Magnetite,Altered,Gabbroic,Dyke,Top,Geology
217,218,217,Serpentine veins,Multiple veinlets,Waxy,Grey,Crosscutting,Green veins,Serpentinized dunite,Magnetite,Alteration zone,Lineation
218,219,218,Irregular network,Fine white serp veins,Green grey veins,Wavy waxy dark veins,Deformed alteration zone,Serpentinized dunite,Magnetite,Pegmatitic gabbroic dykes,Plag altered white minerals,Px altered green minerals
219,220,219,Irregular,Serpentine,Gray,Deformation,Gabbro,Crosscutting,Cataclastic,Alteration,Magnetite,Plagioclase
220,221,220,Black green serp,Veins,Wavy veinlets,Cataclastic zone,Lineations,Slickensides,Open crack,Serpentinized dunite,Magnetite,Alteration halos
221,222,221,Serp veins,Green serp veins,Gabbroic dykes,Offset,Crack,Dunite,Alteration halo,Magnetite,Subvertical,Px alteration
222,223,222,Serp veins,Gabbroic dykes,Alteration halo,Black serpentinized dunite,Leucocratic coarse-grained altered gabbroic dykes,Coarse-grained altered gabbroic dykes,Bulk serpentinization,White minerals,Clay minerals,Amph or chl
223,224,223,Serp veins,White veins,Wavy,Green veins,Coalescence,Fragmented,Black dunite,Magnetite,Carb,Veinlets
224,225,224,white veins,Ca-Si,gabbroic dyke,high abundance,open fracture,powdery appearance,micro-grains,pegmatitic,calcite crystal,high alteration zone
225,226,225,white,fine carb,serp veinlets,fragmented,angular clasts,gabbroic dyke,dunite,alterated black serp dunite,magnetite,green alteration
226,227,226,Fine,White,<1mm,Carb,Vein network,Highly deformed,Fragmentation,Alteration zone,Calcite crystal,Gabbroic dykes
227,228,227,Light green,wavy waxy serp veins,altered gabbroic dykes,black serpentine veins,microgabbro,deformation,dunite,gabbroic dykes,bulk serpentinization,intense alteration halos
228,229,228,Serp veins,Black serp veins,Green serp veins,Crosscutting,Dense white serp network,Cataclastic zone,Fragmented part,Open cracks,Magnetite,Altered gabbroic dyke
229,230,229,gabbroic dyke,veins,alteration,deformation,texture,lineation,serpentinized dunite,magnetite,micro-gabbroic dykes,carb
230,231,230,Irregular,Fine,Serp veins,Wavy,Green,Parallel,Coalescence,Black,Dunite,Gabbroic dykes
231,232,231,Veins,Serpentine,Gabbroic dykes,Core barrel,Cracks,Brittle mesh texture,Dunite,Magnetite,Alteration halos,Homogeneous
232,233,232,White,Concentrated,Wavy,Waxy,Vugs,Lineation,Clasts,Heterogeneous,Dyke,Serp
233,234,233,white Ca-Si veins,deformed,altered gabbroic dyke,variable texture,micro to pegmatitic grain size,clay minerals,zeosite,albite,px alteration,amph or chl
234,235,234,2mm thick white veins,Serpentine,Ca-Si,Talc,Deformed gabbroic dyke,Rondingitic alteration zone,Sub-vertical white veins,Micro to pegmatitic grain,Albite,Clay minerals
235,236,235,Network,White serp veins,Micro-gabbroic dyke,Wavy waxy green serp veins,Lineations,Slickensides,Black serpentinized dunite with magnetite,Gabbroic dyke,Alteration patches,Serp in veins and bulk
236,237,236,fine white serp veins,green rim veins,gabbroic dyke offset,alteration halo offset,lineation,slickensides,dunite,magnetite,pegmatitic gabbroic intrusion,serpentine veins
237,238,237,Dip,Thickness,Serpentine,Vein Network,Waxy,Green,Alteration Zone,Lineation,Slickensides,Magnetite
238,239,238,Dense,Irregular,Network,Fine,White/black,Serpentinized,Dunite,Magnetite,Veins,Bulk
239,240,239,Irregular,Fine,White,Serp,Veins,Dip,Black,Serpentinized,Magnetite,Bulk
240,241,240,0,0,0,0,0,0,0,0,0,0
241,242,241,Serp veinlets,Green serp veins,Gabbroic dyke,Frankenstein texture,60 degree dip,Black dunite,Magnetite,Altered gabbroic dykes,Green alteration halos,Variable thickness
242,243,242,serp veins,black green veins,mesh texture,dunite,gabbro,altered minerals,magnetite,network,coalescence,chlorite
243,244,243,Irregular,Serpentine veins,Wavy,Green,Gabbroic dykes,Patchy alteration zone,White,Dip 80 degrees,Black serpentinized dunite,Alteration halos
244,245,244,Serpentine veins,Black core,Alteration zone,Wavy waxy,Gabbroic dyke,Magnetite,Dunite,Ductile deformation,White veins,Bulk serp
245,246,245,White green veins,Gabbroic dyke,Fine serpentine veins,Cataclastic zone,Black serpentinized dunite,Magnetite,Altered gabbroic dyke,Altered white minerals,Clay minerals,Grey alteration halo
246,247,246,white,veins,Ca-Si,deformed,altered,gabbroic dyke,textures,micro-grains,pegmatitic grains,clay minerals
247,248,247,serpentine,gabbroic dyke,vein network,lineations,slickensides,fracture,altered,micro to pegmatitic grain,white minerals,variability
248,249,248,Irregular network,Fine veins,White and green serp,Wavy waxy serp veins,Dark brown areas,Striations,Lineation,Serp mesh texture,Black serpentinized dunite,Magnetite and Px
249,250,249,Network,Serpentinization,Veins,Gabbroic dyke,Calcite,Fracture,Magnetite,Px,Alteration halos,Reactivation
250,251,250,Irregular network,Fine veins,White and black,Serpentinized,Dykes,Coalescence,Open cracks,Magnetite,Altered,Halos
251,252,251,Irregular network,Serpentine veins,Gabbroic dykes,Mesh texture,Fractures,Dunite,Pegmatitic gabbroic dykes,Sulfides,Deformation zone,Alteration
252,253,252,irregular network,fine veins,white and black serp,branching,crosscutting,gabbroic dyke,prograding,dunite,magnetite,MicroBio sample
253,254,253,Serpentine network,Gabbroic dykes,Calcium carbonate,Veins,Branching,Fracture,Black serpentinized dunite,Gabbroic dyke events,Alteration,Overprinting
254,255,254,Irregular network,Serp veins,White and black,Branching,Green wavy waxy,Open fractures,Slickensides,Black serpentinized dunite,Gabbroic dykes,Variable alteration
255,256,255,Serp veins,Prefered orientation,Wavy waxy,Cross-cutting,Gabbroic dykes,Dunite,Magnetite,Altered,Intrusions,Alteration halos
256,257,256,Irregular,Serp veins,Green waxy wavy,Fractures,Dyke,Striations,Open fractures,Lineation,Black serpentinized dunite,Magnetite
257,258,257,Irregular network,White serp veins,Green serp veins,Coalescence,Crystal serp,Wavy waxy veins,Lineation,Slikensides,70 degree dip,Black dunite
258,259,258,fine white serp veins,wavy waxy green serp veins,black and green serp veins,open crack,lineation,slikensides,serpentinized dunite,pegmatitic altered gabbroic dyke,alteration zone,bulk serp
259,260,259,irregular network,serpentine veins,crosscutting veins,wavy waxy veins,zig-zag veins,high intensity,slickensides,open crack,magnetite,high density
260,261,260,Serpentine veins,Network,White veins,Black veins,Waxy green veins,Alteration zone,Lineations,Slickensides,Dunite,Magnetite
261,262,261,Irregular network,Fine veins,Calcium carbonate,Gabbroic dyke,Crosscutting,Striations,Offset,Open fractures,Magnetite,Harzburgitic zone
262,263,262,Serpentine veins,Branching,Striations,Green serpentine veins,Open fractures,Gabbroic dykes,Black veins,Open cracks,Lineations,Sulphides
263,264,263,Serp veins,Green serp veins,Black serp veins,Wavy waxy white veinlets,Lineation,Slickenslides,Open cracks,Black serp dunite,Altered micrograined gabbroic dyke,Serp in bulk
264,265,264,Wavy,Waxy,White,Green,Serp,Dense,Fault zone,Gabbroic dyke,Altered,Magnetite
265,266,265,Microbio sample,Black serp dunite,Magnetite,Alterd gabbroic dyke,Fault zone,Bulk,Veins,Serp,Sample analysis,Geological investigation
266,267,266,Serp veins,Calcium carbonate,Gabbroic dyke,Fracture,Lineation,Slickensides,Sulfide,Magnetite,Altered gabbroic veins,Alteration halo
267,268,267,serp veins,gabbroic intrusion,crosscutting veins,magnetite,cataclastic zone,wavy waxy veins,subvertical dipping,black serpentinized dunite,gabbroic dyke,lineation
268,269,268,Serp veins,black cores,white mantle,calcium carbonate,branching,slickensides,dunite,magnetite,gabbroic dyke,alteration
269,270,269,Serp veins,Calcium carbonate,Wavy,Gabbroic dykes,Dunite,Fracture,Black,Altered,Bulk,Minor
270,271,270,Serp veins,White,Black,Green,Gabbroic dykes,Offset,Open cracks,Lineations,Slickensides,Altered
271,272,271,Irregular,Serp veins,Dense net,Gabbroic dyke,Wavy waxy,Zig zag vein,Offset,Open crack,Dunite,Sulfur
272,273,272,Waxy,wavy,serp veins,gabbroic dyke,open fracture,slickensides,dunite,magnetite,sulfides,alteration
273,274,273,Irregular network,serp veins,gabbroic dykes,open cracks,slickensides,lineation,dunite,sulfide,rodingitic gabbroic dyke,crosscutting
274,275,274,Reactivation,Gabbroic dykes,Green serp veins,White serp veins,Black serp veins,Lineation,Fracture,Slickensides,Dunite,Rodingitic gabbro
275,276,275,Irregular network,Serpentine veins,Gabbroic dyke,Dunite,White/black/green,Slickensides,Lineation,Magnetite,Altered,Reactivation
276,277,276,subhorizontal,serpentine,veins,density,fracture,dunite,magnetite,Px,bulk,network
277,278,277,white bands,veins,cataclastic zone,ductile deformation,dunite clasts,gabbroic dyke,crosscutting,altered,micro-grained,rodingitic alteration
278,279,278,Network,Fine,White,Serp,Larger,Black,Coalescence,Dunite,Magnetite,Bulk
279,280,279,Serp veins,Network,Fine,Wavy,Waxy,Green,Gabbroic dyke,Lineation,Dunite,Px
280,281,280,Serp veins,Frankstein veins,Waxy green veins,Open crack,Black serpentinized dunite,Magnetite,Altered gabbroic dykes,Gabbroic patches,Serp in veins and bulk,Thickness
281,282,281,Serpentine,Veins,Gabbroic dykes,Offset,Lineation,Open cracks,Black dunite,Magnetite,Alteration,Bulk
282,283,282,Serp veins,White,Black,Subhorizontal,Waxy,Green,Gabbroic dyke,Dunite,Altered,Fracture
283,284,283,Wavy,Waxy,White,Green,Serpentine,Veins,Branching,Fault zone,Ductile deformation,Sulfides
284,285,284,Serpentine,Veins,Polygenetic,Irregular network,White and black,Branching,Wavy waxy,Cross-cutting,Magnetite and px intrusion,Altered gabbroic dyke
285,286,285,Irregular,Serp veins,Wavy,Gabbroic dykes,Dunite,Striations,Magnetite,Px,Open cracks,Altered
286,287,286,Serp veins,Gabbroic dykes,Black veins,Crosscutting,Wavy,Green,Striations,Magnetite,Altered,Bulk
287,288,287,Serpentine,Veins,Gabbro,Intrusions,Magnetite,Dunite,Altered,Dyke,Striations,Crack
288,289,288,Serpentine veins,White veins,Black veins,Lineation,Slickensides,Dunite,Magnetite,Cataclastic appearance,Intensity of veining,Serpentinization
289,290,289,Irregular,Serpentine veins,White and black,Green waxy veins,Pinkish green,Thickness,Fracture,Black serpentinized dunite,Magnetite and Px,Overprinting gabbroic dyke
290,291,290,Subhorizontal,Serpentine vein,White core,Green selvages,40-60 degree dip,Black veins,Irregular network,Fine white veins,Striations,Serpentinized dunite
291,292,291,White veins,Gabbroic dyke,Serp veins,Irregular network,90 deg intersections,Vein intensity,Striations,Open fracture,Black serpentinized dunite,Coarse grained gabbroic dyke
292,293,292,irregular,fine,serp veins,green black selvages,black serpentinized dunite,magnetite,microbio sample,bulk,vein,0
293,294,293,Irregular network,Serp veins,Green-black vein,Waxy-wavy veins,Crosscutting,Striations,Gabbroic dyke,Black serpentinized dunite,Altered gabbroic dyke,Serp in bulk
294,295,294,Serp veins,White veins,Pyroxene veins,Gabbroic veins,Striations,Crack,Dunite,Magnetite,Pegmatitic px,Blue serp
295,296,295,Irregular network,White serp veins,Magmatic dykes,Black serp vein,Frankenstein,Open cracks,Serpentinized dunite,Gabbroic dyke,Px impregnation,Altered gabbroic
296,297,296,Serp veins,Gabbroic veins,Fracture,Magnetite,Microgabbro dyke,Leucocratic gabbro dyke,Anastomosing gabbroic dyklets,Serpentinized dunite,Altered gabbroic dykes,Minor Serp
297,298,297,Waxy,Wavy,Green,Blue,Subvertical,Serpentine,Irregular,White,Magnetite,Striation
298,299,298,Irregular,Fine veins,White serp,Green-blue,Wavy-waxy,Perpendicular vein,Striations,Slickensides,Black serpentinized dunite,Magnetite Serp
299,300,299,Irregular network,Serp veins,White,Green,Blue,Wavy,Perpendicular,Density increase,Striations,Slickesides
300,301,300,Irregular,Fine,White,Wavy,Perpendicular,Selvage,Black,Striations,Slickensides,Magnetite
301,302,301,Irregular,Fine,White serp veins,Green serp vein,Black selvage,Striations,Core barrel,Serpentinized dunite,Magnetite,Serp in bulk
302,303,302,Green,Blue,Waxy,Veins,Offset,Serpentinization,Dunite,Gabbroic dyke,Slickensides,Magnetite
303,304,303,Irregular network,Fine white serp veins,Branching,Green waxy serp veins,Highland altered zone,Striations,Black serpentinized dunite,Magnetite,Gabbroic,Serp in bulk and veins
304,305,304,Green,Blue,Waxy,Serp,Veins,Cross-cutting,White,Striations,Magnetite,Dunite
305,306,305,Light green,Serpentine veins,Thickness (<3mm),Black green,Serpentine vein network,Fine white veins,Sub-parallel,Striations,Magnetite,Black selvages
306,307,306,Blue green waxy,Subhorizontal veins,White serp vein,Irregular network,Fine white serp veins,Parallel veins,Green black waxy serp veins,Striations,Black serpentinized dunite,Magnetite
307,308,307,Irregular network,white serp veins,subparallel,green serp veins,subvertical,black serpentinized dunite,magnetite,altered px dyke,highly altered,bulk and vein
308,309,308,Irregular,Serpentinite,Thin,White veins,Black dunite,Magnetite,Altered pyroxene,Microbes,Bulk,Veins
309,310,309,High density network,Blue black serp veins,Green subvertical serp vein,Fractured gravel zone,Black serpentinized dunite,Magnetite,Highly serp zone,Bulk and vein serp,Sulfide,Chalcopyrite
310,311,310,Deformed,serpentinized dunite,blue and black veins,green waxy veins,white and blue serp veins,Bel Serp,0,0,0,0
311,312,311,Wavy,Waxy,Subvertical,White,Serp veins,Black serpentinized dunite,Blue and brown veins,Highly deformed,Highly altered zone,Bulk serp
312,313,312,Green-blue serp,Vein,Calcium carbonate,Unit 1 and Unit 2,Brecciated,Harzburgite,Black serpentinized,Crosscut,Bulk,Subvertical
313,314,313,Green,Subvertical,Serpentine,Veins,Waxy,Network,White selvage,Brecciated,Harzburgite,Px-rich zones
314,315,314,Zone,Fine veins,Green serp veins,Serpentinized harzburgite,Gabbroic dyke,Network of px veins,Px rich zone,Serp in bulk and vein,Altered px and gabbroic dykes,Variable
315,316,315,Brown serp vein,Black serpentinized harzburgite,Px rich zone,Strongly white,Green serp veined zone,Large white minerals,Magmatic dyklets,Bulk serp,Vein,Section
316,317,316,Black serpentinized harzburgite,px rich dyke,<3mm thick px veins,large serpentine vein,waxy wavy serpentine veins,altered px veins,variable,bulk serpentine,vein serpentine,association
317,318,317,serp veins,magmatic intrusions,black serpentinized harzburgite,dyklets,altered gabbroic dykes,network of microgabbro,diabase,bulk serp,highly altered,connected
318,319,318,Serp,Vein,Magmatic,Dyklets,Wavy,Green,Striation,Harzburgite,Microgabbro,Px
319,320,319,green,blue,sub-vertical,serpentine veins,black,serpentinized harzburgite,px-rich dykes,sub-horizontal,bulk,variably altered
320,321,320,Veins,Serpentine,Gabbros,Dykes,Harzburgite,Pyroxenite,Crosscutting,Thickness,Bulk,Connected
321,322,321,Black,Serpentinized,Harzburgite,Crosscut,Microgabbro,Dyke,Microbio sample,Bulk,Vein,Altered
322,323,322,white,blue,serpentine,veins,gabbro,pxnite,dikelets,altered,magmatic dykes,variably altered
323,324,323,hydrothermal veins,serp veins,gabbroic dyke,altered,px-rich veins,leucocratic vein,sulfide,copper,black serpentinized harzburgite,blue green veins
324,325,324,Serp veins,PX-rich veins,Black serpentinized harzburgite,Intersection,Hydrothermal veins,White brown,Top of section,Bulk serp,Variable,Altered
325,326,325,Altered hydrothermal vein network,Reddish brown,White,Sulfide,Copper,Black serpentinized harzburgite,Leucocratic dyke,Px-rich vein,Subvertical,Highly altered
326,327,326,White blue serp veins,Microgabbroic dykes,Black serpentinized harzburgite,Gabbroic veins,Hydrothermal vein,Serpentine,Alteration,Crosscutting,Thickness,Variability
327,328,327,White,Blue,Gray,Hydrothermal,Vein,Serpentinization,Harzburgite,Zone,Gabbroic,Pixel-rich
328,329,328,Irregular network,fine,white serp veins,hydrothermalized zones,branching,black serpentinized harzburgite,px-rich vein,hydrothermal veins,sulfide,copper
329,330,329,Irregular network,Fine veins,White serp,Hydrothermalized zones,Branching,Black serpentinized harzburgite,Hydrothermal altered zone,Reddish brown hydrothermal veins,Px-rich veins,Highly altered
330,331,330,Irregular,Fine,Serp veins,Hydrothermal alteration,Blue white gray,Serp veins <5mm thick,Serpentinized harzburgite,Px-rich subvertical vein,Variable thickness,Altered px-rich
331,332,331,Black serpentinized harzburgite,altered px-rich vein,hydrothermalized zone,white veins,bulk serpentinization,blue-white network,variable alteration,hydrothermal veins,crosscutting,thickness
332,333,332,blue white,serpentine veins,network,dykes,harzburgite,altered vein,melanocratic zone,bulk,variable,intersections
333,334,333,Hydrothermal veins,Gabbroic intrusion,Green veins,Microgabbroic vein,Black serpentinized harzburgite,Px-rich veins,Microgabbroic dyke,Serpentinized,Altered,Gabbroic
334,335,334,Serp vein,network,green,irregular,white,black serpentinized harzburgite,altered,px-rich veins,microgabbroic vein,bulk
335,336,335,Irregular network,Fine white serp veins,branching,green waxy serp veins,crosscutting,dyke,harzburgite,micromelano gabbro,highly altered,bulk Serp
336,337,336,Black serpentinized harzburgite,Melanocratic microgabbro,Dyke,Subhorizontal,White hydrothermal vein,Microbio sample,Serpentinized,Vein,Bulk,Crosscut
337,338,337,white-green vein,network,subvertical,hydrothermal,striation,serpentinized harzburgite,subhorizontal,py rich veins,bulk and veins,<5mm px-rich vein
338,339,338,Hydrothermalized zone,Green vein,Chlorite,Brown-green diffuse zones,White veins,Serpentine veins,Striations,Black serpentinized harzburgite,Px rich veins,Top 19 cm
339,340,339,Hydrothermal vein,Serpentine veins,Gabbroic dykes,Black serpentinized harzburgite,Cross-cutting veins,Px (pyroxene) rich veins,Alteration,Intersection,Thickness,Offset
340,341,340,Hydrothermal vein,Pyroxenite,White veins,Gabbros,Branching,Black serp harzburgite,Microgabbroic dyke,Dunite,Highly altered gabbros,Cross-cut
341,342,341,Hydrothermal network,Blue-white,Altered gabbro,90 degree intersections,White irregular vein,Black serp harzburgite,Cross-cut,Px rich gabbro,Serp in bulk,Highly altered
342,343,342,White,brown,veins,gabbro,green,network,altered zones,hydrothermalized,serp harzburgite,px rich gabbr
343,344,343,irregular network,green-black-white veins,hydrothermalized zone,rodingitization,serpentine,gabbroic dykes,px rich veins,hydrothermal zone,pervasive alteration,relics
344,345,344,Blue green vein network,90-degree branching,Leucocratic vein,White blue veins,Gabbros,Pxinite,Serpentinized harzburgite,Leucocratic dyke,Pyxenite,Dunitic zones
345,346,345,Top vein,White green,White veins,Hydrothermal network,Green,Minor brown,Rodingite,Serpentinized harzburgite,Pxnite veins,Gabbroic dykes
346,347,346,White vein network,Serpentinite vein,Altered pxnite,Thin blue veins,Crosscutting veins,Serpentinized harzburgite,Hydrothermalization,Interconnected network,Striation,Pxnite alteration
347,348,347,Blue-green vein,Sub-vertical,<4mm thick,Vein branching,Hydrothermal zone,Altered pxnite,White thin vein,Irregular network,Serpentinized harzburgite,Highly altered zone
348,349,348,Serpentine,Veins,Gabbros,Hydrothermal zone,Brecciated textures,Harzburgite,Dykes,Pyxenite,Rodingite,Altered
349,350,349,serpentine,hydrothermal veins,microgabbro,pxnite,altered,branching,gabbroic veins,rodingite,offset,crosscut
350,351,350,Black,Serpentinized,Harzburgite,Gabbroic veins,White veins,Microbio sample,Crosscut,Thin,Composition,Geology
351,352,351,Wavy,Waxy,Blue vein,Branching,Altered pxnite,Striation,Green vein,Serpentinized harzburgite,Rodingite,Replacive
352,353,352,abundant,green and white veins,altered gabbroic veins,serpentinized harzburgite,microgabbroic zone,px-rich dike,green amphibole,highly altered zone,croscutting,serp bulk
353,354,353,Subvertical,Serp veins,Green,White,Irregular,Network,Magmatic veins,Dyke,Harzburgite,Altered
354,355,354,Network,Subvertical,Serpentine veins,White veins,Offset,Harzburgite,Altered veins,Highly veined,Serpentinite,Variable
355,356,355,Irregular network,White serp,Calcium carbonate,Magmatic intrusions,Offsets,Serpentinized harzburgite,Altered microgabbroic dykes,Px-rich veins,Hydrotherm serp,Sulfide
356,357,356,Irregular network,Fine white serp vein,Black serpentinized harzburgite,Microgabbroic vein,Hydrothermalization,Px-rich veins,Waxy white veins,Green veins,Sulfide,Altered zone
357,358,357,White,Green,Black,Serpentine vein,Microgabbroic texture,Calcium carbonate,Harzburgite,Altered px-rich vein,Hydrothermalized vein,Variable altered magmatic veins
358,359,358,"serpentinization,","veins,","harzburgite,","gabbroic,","alteration,","green,","white,","calcium carbonate,","hydrothermal, and",microgabbroic texture
359,360,359,thin network,black serp veins,white veins,mafic veins,blue green,serpentine veins,local offset,harzburgite,altered mafic veins,petrography
360,361,360,fine thin black vein network,fine white serp locally green vein network,<3 mm white veins,irregular greenish blue veins,leucocratic dykes,pxnite veins offset gabbro veins,striation,Black serpentinized harzburgite,gabbroic veins,altered mafic veins
361,362,361,Black serp vein network,White serp network,Green to white veins,Altered micro gabbro,Gabbro veins,Harzburgite,Altered zone,Leucocratic vein,Mafic veins,Pxnite vein
362,363,362,Serp network,White vein network,Blue subvertical veins,Pyxenite veins,Altered pxnite,Harzburgite,Crosscutting,Thickness,Rodingite,66cm to the bottom
363,364,363,black,white,serpentine,veins,network,blue,harzburgite,bulk,serpentinized,size
364,365,364,Serpentinization,Vein network,Blue veins,White veins,Gabbroic veinlet,Harzburgite,Crosscutting,Alteration,Fine,Location
365,366,365,Serp veins,Green hydrothermal veins,Magmatic intrusions,White waxy veins,Harzburgite,Altered dyke,Sulfide,Garnet,Crosscutting,Variable
366,367,366,Fine,Network,Black,Serp veins,Waxy,White,Crosscut,Branching,Magmatic intrusions,Serpentinized
367,368,367,fine black serp vein network,<2mm,green white serp veins network,dense,mafic intrusions,offset,crosscut,fractures,variably altered,bulk
368,369,368,Black serpentinized harzburgite,Waxy green white vein network,Magmatic intrusion,Deformation,Altered gabbroic intrusions,Microgabbro and pxnites,Offset in gabbroic intrusions,Serpentinization in bulk and vein,Patchy blue alteration,Altered mafic intrusives
369,370,369,Black serpentinized harzburgite,Fine vein network,< 1mm parallel blue green serp veins,< 2mm waxy green veins,Offset,Altered microgabbro,Highly altered magmatic intrusion,Bulk,Veins,Green grey
370,371,370,Serpentinization,Vein networks (black and white),Magmatic intrusions,Offset,Hydrothermal veins,Harzburgite,Gabbroic veins,Pxinite,Alteration,Dykes
371,372,371,Fine black/white serp vein network,blue white waxy veins,magmatic intrusions,offsets,serpentinized harzburgite,pxnites,gabbroic intrusions,variably altered,bulk,veins
372,373,372,fine black serp veins,subvertical blue white waxy veins,magmatic intrusions,pxnite,variable thickness,offsets,bulk and veins,altered,patchy waxy blue green zones,0
373,374,373,Serpentinized,Veins,Network,Hydrothermal,Altered,White,Black,Subvertical,Top,Patchy
374,375,374,black serpentinized harzburgite,gabbroic vein,magmatic intrusion,microgabbro,serpentinization,melanocratic,blue waxy zones,crosscutting,offsets,alteratio
375,376,375,black serpentine veins,prehnite,mafic dikes,gabbro,pyroxene,crosscutting,serpentinization,microgabbroic dike,alteration,green margins
376,377,376,Vein network,White vines,Gabbron Concentration,Mafic dikes,Serpentinized harzburgite,Magmatic zones,Rodingite,Coarse grained gabbro,Pyroxene rich gabbro,Serpentine
377,378,377,Serpentine veins,Disrupted,Irregular,Moderate dipping,Sheared,Serpentinitised zone,Harzburgite,Mafic dikes,Altered,Garnet
378,379,378,1mm,white,serp veins,blue,crosscutting,gabbro,pxnite,serpentinized,harzburgite,altered
379,380,379,black,white,serpentinized,harzburgite,microbio sample,bulk,vein,network,fine,serp
380,381,380,Fine white serp vein network,Serpentine vein crosscutting,Altered magmatic intrusions,Black serpentinized harzburgite,Coarse gabbro dike,Px rich veins,Altered pxnite (rodingite),Gabbro,Branching,Bulk serpentinization
381,382,381,Black,Serpentine vein,White-grey vein network,Bottom,Short white veins,Altered pxnite,Harzburgite,Rodingite,White-blue wazy zones,Crosscut
382,383,382,Blue,White,Waxy veins,Serpentinized magmatic intrusion,Hydrothermal vein,Serpentine,Harzburgite,Pxnite,Crosscutting,Network
383,384,383,Fine serp veins,Wavy waxy veins,Gabroic dyke,Subvertical veins,Black serpentinized harzburgite,Px-rich gabbro,Coarse gabbro,Serp in bulk and veins,Altered pxnite,Rodingite
384,385,384,wavy,serpentine,veins,gabbro,shearing,harzburgite,crosscut,altered,rodingitic,magmatic
385,386,385,2mm clear white veins;,Gabbroic veins;,Pxnite veins;,Hydrothermal veins;,Alteration;,Serpentinized harzburgite;,Deformed gabbroic dyke;,Sheared;,Rodingite;,Highly altered gabbro
386,387,386,2 mm,white,blue veins,gabbro,crosscutting,black,serpentinized harzburgite,px-rich microgabbro,altered gabbro,waxy blue patches
387,388,387,Green-blue serpentine veins,White core,Offset,Hydrothermal veins,Deformed,Serpentinized harzburgite,Px-rich veins,Red veins,Black serpentine,Network
388,389,388,white,green,hydrothermal veins,gabbros,serp veins,pxnite,shearing,harzburgite,microgabbro,alteration
389,390,389,Serpentinization,Veins,Hydrothermal,Gabbro,Crosscutting,Px-rich,Harzburgite,Pxnite,Altered,Intrusions
390,391,390,4mm,Dark green serp,White locally,Red zones,Fez waxy blue,White veins,Black serpentinized harzburgite,Microgabbro,Serp veins network,Altered microgabbro
391,392,391,subparallel,veins,gabbros,serpentine,offset,crosscutting,harzburgite,microgabbro,altered,patches
392,393,392,Serpentine,Black,Dunite,Pxnites,Microgabbro,Alteration,White pl,Network,5mm,Bulk
393,394,393,Vein network,Mafic intrusions,Hydrothermal veins,Gabbro,Magmatic intrusions,Serpentinized harzburgite,Px-rich zone,Pxnite,Microgabbro,Alteration
394,395,394,black,serpentinized,harzburgite,crosscut,gabbroic dyke,microbio sample,bulk,veins,fine,network
395,396,395,Fine,White,Serpentine,Vein network,Black,Serpentinized,Px-poor harzburgite,Bulk,Fine black,Veins
396,397,396,Serpentine veins,Green and black cores,Croscuts,Pxnite,Gabbro,Serpentinized harzburgite,Alteration,White pl,Fine black serp vein network,Waxy green areas
397,398,397,Serpentine,White veins,Dark green veins,Dunite,Gabbro,Harzburgite,Pxnite,Altered,Crosscut,Patchy
398,399,398,Serp veins (2-7mm),Hydrothermal veins (up to 12mm),Crosscutting veins,White reddish hydrothermal veins,Serpentinized harzburgite,Black serp veins,Hydrothermal veins (10mm),Px rich gabbroic vein,Offset veins,Mineral alteration
399,400,399,5mm,White with green and waxy orange patches,Hydrothermal veins,3mm dark green veins,Waxy white veins,Shearing,Gabbro,Offset,Serpentinized harzburgite,Overprinting
400,401,400,2mm white veins,Magmatic intrusions,Microgabbro,Black serpentinized harzburgite,Px-rich gabbroic dykes,Offset by >20 mm (dextral),Serpentinized veins,Green and white alteration,Vein network,Crosscutting and branching
401,402,401,2mm,Waxy,Blue White,Veins,Crosscut,Gabbro,Hydrothermal,Serpentinized,Px-rich,Altered
402,403,402,Serp vein network,Waxy blue white veins,Gabbroic veins,Hydrothermal veins,Px-rich veinlets,Black harzburgite,Gabbroic dykes,Pxnite,Altered gabbro,Serp in bulk and veins
403,404,403,Serpentine,Veins,Gabbro,Offset,Pxnite,Black,Harzburgite,Altered,Microgabbro,Bulk
404,405,404,white veins,altered gabbros,black serpentinized harzburgite,microgabbros,px-rich veins,serp in bulk,fine black serp vein network,green alteration,waxy blue white areas,crosscutting and branching
405,406,405,Sub-vertical,Black serpentinized harzburgite,Wavy,Blue veins,Altered gabbros,Sheared,Pxnite veins,Locally white core,Microgabbros,Waxy blue-white areas
406,407,406,fine white serpentine,black serpentine vein,waxy green serpentine veins,dunite,microgabbro,px-poor harzburgite,crosscut,transition,altered gabbro,subvertical
407,408,407,White,Serpentine,Calcium Carbonate,Pxnite,Harzburgite,Black,Vein Network,Serpentinized,Bulk,Altered
408,409,408,Black,Serpentinized,Harzburgite,Pxnite,Veinlets,Microbio sample,Bulk,Fine,Network,Veins
409,410,409,Dimension,Color,Veins,Serpentine vein,Branching,Crosscutting,Coarse gabbro,Alteration,Bulk,Network
410,411,410,Serpentine vein,White serp veins,Crosscutting gabbro,Black serpentinized harzburgite,Pxnite veinlets,Px-rich gabbroic veins,Serpentine in bulk and veins,Altered gabbro,Green color,White plagioclase
411,412,411,white veins,microgabbro,gabbro,offsets,serpentinized,Px-riched,dike,crosscut,serpentine,altered
412,413,412,Green-blue,wavy,serpentinized,veins,microgabbro,offset,irregular,black,crosscutting,altered
413,414,413,Serpentine vein,Dark green,Gabbro offset,Altered pxnite,Black serpentinized harzburgite,Minor altered pxnite veinlets,Crosscut,Fine black serp vein network,Waxy blue patches,Altered gabbro
414,415,414,Serpentine vein,White veins,Branching,Alteration,Gabbro,Hydrothermalization,Shearing,Offset,Harzburgite,Px-rich gabbros
415,416,415,serpentine vein,white veins,gabbro,crosscutting,px-rich,network,magmatic,serpentinized,altered,patches
416,417,416,Serpentine,Magmatic veins,White vein,Crosscut,Offset,Harzburgite,Pxnite,Veinlets,Network,Waxy
417,418,417,Serpentine veins,White veins,Microgabbro,Magmatic veins,Black harzburgite,Pxnite veins,Melanocratic zone,Gabbros,Altered,White green
418,419,418,serpentine,veins,crosscutting,gabbro,harzburgite,striation,pxnite,rodingite,microgabbro,alteration
419,420,419,Waxy green veins,Black to dark green veins,Striations,Magmatic veins,Serpentinized harzburgite,Pxnite veins,Gabbroic veins,Alteration,Blue-white waxy patches,White plag
420,421,420,3mm,Dark green serp vein,Pxnite,Waxy green,Black serpentinized harzburgite,Gabbro,Serp in bulk and veins,Altered gabbro,White plag,Blue white waxy patches
421,422,421,Dark green serp,Fine white vein network,Waxy green veins,Pxnite,Black serpentinized harzburgite,Crosscutting,2mm and 17mm,0,0,0
422,423,422,black,serpentinized,harzburgite,microbiome,sample,bulk,veins,fine,network,networked
423,424,423,Vein network,Px-rich,Serpentinized harzburgite,Hydrothermal veins,Altered zone,Black core,Ca-carbonate,Dunitic zone,Waxy green patches,Crosscut
424,425,424,Serpentinite,Veins,Harzburgite,Px-rich zone,Px-poor zone,White vein network,Waxy green veins,Ca carbonate,Tape-hiding zone,Altered zone
425,426,425,Serpentine veins,Ca carbonate,Green network,Blue-green veins,Gabbro,Discontinuity,Fault,Serpentinized harzburgite,Coarse gabbro,Altered gabbro
426,427,426,Reddish-green hydrothermal veins,Melanocratic zone,Lower gabbro,Black to dark green veins,Wavy green serp veins,White cores,Black serpentinized harzburgite,Sheared melanocratic gabbroic zone,Altered pxnites and gabbro,"White pl, brown px, waxy light green patches"
427,428,427,Serpentinization,Veins,Pxnite,Alteration,Network,Offset,Green,Grey,Crosscutting,Harzburgite
428,429,428,Veins,Serpentine,Carbonate,Petrology,Px-poor,Shearing,Alteration,Rodingite,Waxy,Branching
429,430,429,Dark green veins,Black serp veins,White veins,Serpentinized harzburgite,Px-poor to unitic zone,Px-rich gabbros,Microgabbro,Highly altered gabbros,White pl,Waxy blue green patches
430,431,430,Waxy green,Veins,Serpentine,Calcium carbonate,Microgabbro,Harzburgite,Dunitic,Melanocratic gabbros,Pxites,Altered
431,432,431,Subvertical veins,Pegmatitic gabbro,White veins,Pxnite,Black veins,Serpentinized harzburgite,Mineral size,Lobate contacts,Dunitic zone,Alteration
432,433,432,Fine,White,Vein,Network,Ca carbonate,Top,Black,Serpentinized,Harzburgite,Bulk
433,434,433,2mm,dark green,serp veins,fine white,network,57cm,83cm,1mm,black,harzburgite
434,435,434,Network,Waxy,Green,Thin,White,Magmatic,Serpentinized,Gabbros,Px-rich,Brown
435,436,435,Black,Serpentinized,Harzburgite,Microbio sample,Bulk,Veins,Fine,Network,Serp,Product
436,437,436,Serpentinized harzburgite,Pxnite,Gabbro,Crosscut,Serpentine vein network,Altered gabbro,White pl,Waxy blue patches,Bulk serpentine,Fine black serpentine
437,438,437,1mm,Waxy,Green veins,Gabbro,Serpentinized harzburgite,Black serp,Offset,Crosscut,Bulk,Alteration
438,439,438,Fine,White vein,Ca-carbonates,Black,Serpentinized,Harzburgite,Px poor zone,Serp,Bulk,Veins
439,440,439,Serp veins,Striation,White network,Waxy green veins,Pxnite,Crosscutting,Ca-carbonate,Harzburgite,Px poor zone,Hidden section
440,441,440,Network,Veins,Green,Altered,Magmatic,Sheared,Serpentinized,Harzburgite,Leucocratic,Pxnites
441,442,441,Grey/dark green serp veins,White vein network,Gabbros,pegmatitic gabbro,Black serpentinized harzburgite,Pxites,Section crosscut,Sheared opx-bearing,Altered gabbro,White plag
442,443,442,Network,Black veins,Px-rich veins,Red,Pyxenites,Magmatic veins,Serpentinized harzburgite,Microgabbro,Leucratic patch,Waxy patches
443,444,443,Serpentinized,Veins,Magmatic,Pxnite,Black,Harzburgite,Crosscutting,Branching,Microgabbro,Alteration
444,445,444,Dark green to black serp veins,Wavy waxy green vein,White veins crosscutting pxnites,Network of waxy dark green veins,Microgabbro offset,Black serpentinized harzburgite,Altered microgabbro,Crosscutting altered pxnites,Magmatic veins,Patchy waxy green areas
445,446,445,3mm,Leucocratic vein,Hydrothermal,Altered gabbro,Serpentine,Magmatic veins,Harzburgite,Altered zone,Pxnite,Plagioclase
446,447,446,Serpentinized,Green,Crosscut,Veins,Carbonate,Gabbroic,Sheared,Magmatic,Harzburgite,Altered
447,448,447,Green serp veins,Pxinite veins,White veins,Hydrothermal vein,Black serpentinized harzburgite,Gabbro,Leucocratic,Px relict,White plag,Alteration
448,449,448,Black,Dark green,Serpentine veins,Hydrothermal alteration,Plagioclase,Rodingite,Crosscutting,Harzburgite,Gabbro,Hydrothermal veins
449,450,449,White,Green veins,Hydrothermalized zone,Microgabbros,Black serpentinized harzburgite,Pxrich microgabbro,Hydrothermalized gabbro,Serpentine veins,Rodingite,Offset
450,451,450,White-blue-green waxy,Crosscutting/branching intrusions,Serpentinized harzburgite,Px-rich gabbro,Altered gabbro,Pxite,Dunite zone,Black serp vein network,Mafic intrusions,Alteration
451,452,451,Black serpentinized harzburgite,Px-rich microgabbro,Deformed microgabbro,Serpentine (bulk and veins),Fine black serp vein network,White veins,Crosscuted,Harzburgite,Igneous,Mineralogy
452,453,452,Complex fracture network,Black serpentinized harzburgite,Px-rich microgabbro,Crosscutting,Offsets,Dips,Serpentinized in bulk and veins,Fine black serp vein network,Hydrothermalized,Patchy blue-white plag with brown edges
453,454,453,Rainbow vein,gabbroic margin,dunite zone,serpentine veins,mafic intrusions,offset,harzburgite,gabbro dike,hydrothermalized,altered
454,455,454,Subvertical,Oblique,Green,Black,Vein,90 degrees,Wavy,Px-rich microgabbro,Serpentinized harzburgite,Fine network
455,456,455,serpentinized harzburgite,pxnite,gabbro,crosscutting,veins,offset,dark green,black,white,coarse grain
456,457,456,Serpentinization (serp),Dunite,Gabbros,Vein network,Offset,Harzburgite,Altered gabbro,Plagioclase (Plag),Px-rich zones,Gabbroic dykes
457,458,457,Leucocratic veins,Microgabbro,Serp veins,Wavy waxy green blue veins,Gabbro,Harzburgite,Wehrlite,Altered pxnite,Serpentinized,Alteration
458,459,458,Pxnite,Gabbro,Serpentinized harzburgite,White veins,Waxy green-blue patches,Crosscutting,Branching,Varied alteration,Depth,Mineralogy
459,460,459,Serpentinized harzburgite,Altered pxnites,Black serpentinized veins,White serp network,Waxy green veins,Wehrlitic zone,Highly altered pxnite,Copper red patches,Garnet,Rodingite
460,461,460,2mm,Dark green veins,Anastomosing network,Magmatic veins,Red patches,Alteration,Gabbros,Serpentinization,Crosscutting,Bulk
461,462,461,Network,Waxy,Green,White,Veins,Ca-Carbonate,Offset,Pxnite,Serpentine,Harzburgite
462,463,462,thin,waxy,green,offset,64cm,reverse,serpentinized,black,crosscut,network
463,464,463,Black,Harzburgite,Serpentinized,Pxenites,Crosscut,Altered,Gabbro,Veins,Network,White
464,465,464,Black,Serpentinized,Harzburgite,Pxnite,Veins,Serpentine,Network,Fine,Bulk,Brow
465,466,465,dark green veins,serpentinized harzburgite,pxnites,gabbroic veins,microbiology,bulk,fine,black,vein network,crosscut
466,467,466,coalescing,serp veins,branching,offsets,harzburgite,wehrlite,pxnites,crosscut,bulk,altered
467,468,467,Black,Serpentinized,Harzburgite,Crosscut,Gabbro,Pxnite,Bulk,Veins,Plag,Altered
468,469,468,Serpentinization,Vein Network,Harzburgite,Pxnites,Carbonates,Altered,Black,Red,Rodingite,Waxy
469,470,469,Dark green,Serpentinization,Crosscutting,Pxenites,Serpentine veins,Black,Harzburgite,Waxy patches,Blue and green,Bulk and veins
470,471,470,Serpentine veins,White-blue veins,Magmatic intrusions,Hydrothermalized zone,Shearing,Serp harzburgite,Pxenites,Gabbro/microgabbro,Altered,Redish-green-blue-white alteration
471,472,471,Veins,Gabbroic,Serpentine,Harzburgite,Crosscutting,Patches,Thickness,Branching,Bulk,Blue-green
472,473,472,Serpentine,Veins,Magmatic,Crosscutting,Anorthosite,Gabbro,Harzburgite,Pxnite,Waxy,Network
473,474,473,white-blue veins,gabbro,crosscutting,branching,serp,harzburgite,leucocratic microgabbro,plag,bulk,network
474,475,474,Serpentine veins,Green halo,Crosscutting veins,Pxnite,White core,Dark serp hrzb,Highly altered zone,Fine black network,Waxy green patches,Thickness
475,476,475,Serpentine,Green halo,Crosscutting,Pxenites,Black serp harzb,Variously altered,Melanocratic microgabbros,Bulk,Fine black veins,Magmatic veins
476,477,476,Serpentine,Veins,Green,White ,Dark,Microgabbro,Network,Halo,Bulk,Harzburgite
477,478,477,black,dark green,serp veins,offsets,white,halo,Ca-carbonates,gabbro,pxenite,waxy-blue
478,479,478,serp veins,offsets,subvertical pxenites,harzb,crosscutting,wherlitic zone,bulk serp,waxy blue patches,brown px,striations
479,480,479,Serpentine,Green,White veinlets,Striations,Black,Harzb,Leucocratic vein,Bulk,Network,Brown rim
480,481,480,black,serpentine,harz,crosscutting,Pxenite,veins,two,texture,mineralization,geology
481,482,481,Black serp,Harzb,Micro-wherlite zone,Pxenite,Gabbro,Bulk,Fine black network,Waxy blue patches,White plag,Geological composition
482,483,482,Large,Black,Dark green-red,Serp vein,White veins,Crosscutting,Harzb,Gabbro,Pxenite,Plag
483,484,483,subvertical,dark green,fine network,waxy green-white,offset,senestral,pxenite,black serp harzb,bulk,blue and brownish
484,485,484,Waxy,White-green,Serpentine,Vein,Black,Subvertical,Green halo,Striations,Bulk,Blue patches
485,486,485,Crosscutting,Branching,Waxy,Green,Veins,Pxenites,Black,Serp,Harzb,Gabbro
486,487,486,black veinlet,offsetting,pxenite,serp,harzb,crosscutting,bulk,fine,network,0
487,488,487,Serpentine,Veins,Halo,Sheared,Leucocratic,Gabbro,Crosscut,Altered,Pxnites,Boundaries
488,489,488,black,green,serpentinization,copper,alteration,veins,gabbro,pxnites,sulfides,crosscut
489,490,489,Subvertical,Serpentinized,Vein,Offsets,Gabbro,Dark green,Crosscuts,Altered,Network,Zone
490,491,490,Green,Serpentine veins,Microgabbro,Crosscutting,Shearing,Gabbro,Serpentinized harzburgite,Alteration,Plagioclase,Network
491,492,491,Green serp vein,Black serp harzb,Minor pxenite crosscut,Gabbro,8-14 cm,40mm,Pxenite <2mm,Serp in bulk and fine black network,White plag,Waxy blue patches
492,493,492,Black,Dark green,Serp veins,Green halo,Gabbro,White veins,Pxenites,Crosscutting,Subvertical,Blue patches
493,494,493,Black serp veins,Dark green color,Fine network of green veins,Wavy-waxy white to green veins,Striations at bottom,Several crosscutting pxenites,Small wherlitic zone,Altered gabbro,Waxy green patches,Bulk serp presence
494,495,494,subvertical,black,dark green,serp vein,sheared pxenite,gabbros,white veins,waxy green serp veins,altered,white plag
495,496,495,Black,Serpentinized,Harzburgite,Serp,Bulk,Veins,Fine,Network,Olivine,Orthopyroxene
496,497,496,Black,Serpentinized,Harzburgite,Pxinites,Microbio sample,Bulk,Veins,Fine black serpentine vein network,Crosscut,Serp
497,498,497,Serpentinization,Green to black,Crosscutting,Veins,Gabbro,Pxnite,Alteration,Harzburgite,Plagioclase,Waxy patches
498,499,498,white veins,magmatic veins,pxnite,gabbros,serpentinized harzburgite,altered,crosscut,melanocratic microgabbro,serp,plag
499,500,499,Gabbro,Pxnite,Serpentinized,White veins,Dark green veins,Altered,Blue patches,Black serp vein network,Plag,Croscutting
500,501,500,Black serpentinite,White veins,Carbonates,Px-poor zone,Gabbro,Px-nites,Wehrlitic zones,Bulk serpentinite,Serpentine veins,Plagioclase
501,502,501,Subvertical,Serpentinized,Veins,Waxy,Wehrlite,White veins,Pxinite,Sheared,Alteration,Harzburgite
502,503,502,20mm green vein,2mm thick,green to white veins,altered gabbro,dark green serp veins,white veins,black serpentinized harzburgite,gabbros,sheared,white plag
503,504,503,Abundant,Black,Dark green,Veins,Serpentinized harzburgite,Pxinites,Dunitic zone,Sheared,Offset,Altered
504,505,504,Zone,Veins,Shearing,Pxnite,Gabbro,Offset structures,Serpentinized,Microgabbro,Alteration,Crosscutting
505,506,505,2mm dark green vein,1mm white veins,Pxnite and gabbro,Offset and shearing,Serpentinized harzburgite,Altered sheared veins,Fine black serp vein network,Reddish brown px,Waxy green patches,White pl in gabbro
506,507,506,Black,Dark green,Veins,Magmatic,Serpentinized harzburgite,Crosscutting,Pxenites,Wherlitic,Pyroxenite,Waxy blue patches
507,508,507,black veins,white veins,pxenite,serp harzburgite,crosscutting,offset,bulk,network,waxy blue,patches
508,509,508,Black,Serpentine,Pecenite,Crosscutting,Section,Network,Waxy,Blue,Brown,Bulk
509,510,509,Serp veins,Dark green halo,Pinkish-greenish core,Fine white network,Crosscutting,Bottom pxenite offset,Harzb,Gabbro,Waxy green and blue patches,Brown px
510,511,510,Black,Dark green,Veins,Serpentine,Gabbro,Wherlite,Striations,Pxenites,Plagioclase,Brownish
511,512,511,Hydrothermalized zone,Serpentine,Shearing,Offset,Pxenite,Gabbro,Crosscutting,Bulk,Waxy green,Plagioclase
512,513,512,Network of veins,Black serpentine,Dark green serpentine,Branching veins,White veins,Sheared microgabbro,Offsets,Harzb crosscut,Waxy blue patches,Reddish pxenite veins
513,514,513,dark green,serpentine,veins,wehrlitic zone,offset,harzburgite,pxnites,network,altered,brow
514,515,514,Network,Veins,Serpentine,Green halo,Pxnites,Harzburgite,Altered zone,Crosscut,Wehrlitic,Offset
515,516,515,Network,Serp veins,Wehrlitic zones,Pxnite,Offset,Branching,Waxy,Harzburgite,Altered,Brown
516,517,516,Hydrothermal vein,Pxnite,Leucocratic vein,Serpentine veins,Wehrlite,Striation,Harzburgite,Alteration,Serpentinization,Waxy green patches
517,518,517,Serpentine vein,Microgabbro,Gabbroic dykelet,Serpentinized harzburgite,Wehrlitic zone,High angle gabbro dyke,Serpentinization,Gabbro alteration,Fine white veins,Shearing
518,519,518,3mm green vein,Striation,1mm network,Wehrlitic zone,Pxnite,Offset,Pxnite alteration,Serpentinized harzburgite,Vein network,Patchy green areas
519,520,519,14mm,Waxy green and white vein,Multiple offsets,Fine black veins,Microgabbro,Striations,Black serpentinized harzburgite,Pxenites,Serp veins,Waxy blue patches
520,521,520,Dark green,Black,Serp veins,Altered sheared pxenites,Waxy green,Branching,Harzb,Olivine-gabbro,Network of veinlets,White plag
521,522,521,2mm white blue vein,Crosscutting,Gabbros,Waxy green serp vein,Striations,Sheared wherlite,Multiple offsets,Black serp harzb/w zone,Px-rich patches,White plag in gabbro
522,523,522,Dark green,Black,Fine white network,Waxy green,Serpentine veins,Pxenite,Harzb,Dunitic zone,Bulk serpentine,Fine black network
523,524,523,MBIO,Sample,Black,Serp harzb,Crosscut,Pxenites,Microbial ecology,Geomicrobiology,Sampling techniques,Scientific research
524,525,524,Dark green to black serp vein,Waxy green-blue veins,Serp offsets wehrlite,Gabbro offsets wehrlite,Black serp harzb,Wherlitic zone,Highly altered gabbro,Crosscutting pxenites,Magmatic veins,White plag
525,526,525,Black,Serpentinized,Harzburgite,Geology,Petrology,Mineralogy,Carbonation,Geothermal systems,Hydrothermal alteration,Ultramafic rocks
526,527,526,Veins,Hydrothermalized zones,Serpentine,Offset,Gabbro,Striations,Harzburgite,Alteration,Plagioclase,Brown zones
527,528,527,Subvertical vein,Black-green,Offset,Crosscuts,Smaller vein,Harz,Pyrox vein,Serpentine,Fine network,Bulk
528,529,528,black,serpentine,pyroxenite,veins,network,green,blue,red,crosscutting,thickness
529,530,529,sub-vertical,black serp,pyroxenite,green halo,serp veins,harzburgite,gabbro vein,pegmatitic,fine black serp,white plag.
530,531,530,Black serpentinized harzburgite,microgabbro,banding,composite serp,veins,plagioclase,gabbro,fine-grained,blue patches,white
531,532,531,subvertical veins,waxy green vein,offset of pyroxene,serpentinized harzburgite,fine-grained wehrlite,subvertical gabbro,subhorizontal pyroxenite,coarse grained,white plagioclase,color variations
532,533,532,White veins,Magmatic intrusions,Black veins,Shearing,Serpentized harzburgite,Hydrothermal patches,Pyroxenite/wehrlite,Gabbro,Leucocratic patches,Plagioclase
533,534,533,Large vein,Leucocratic patch,Red alteration,Magmatic veins,Serpentinized harzburgite,Microgabbro,Coarse-grained gabbro,Pyroxenite veins,Fine-grained pyroxenite/gabbro,Blue patches
534,535,534,Subvertical vein,Green halo,Igneous intrusion,White veins,Microgabbro,Serpentinized harzburgite,Crosscutting,Plagioclase,Blue patches,Fine veins
535,536,535,Hydrothermal vein,Rock type,Small white veins,Serpentinized harzburgite,Intrusions,Leucocratic vein,Gabbro,Pyroxenite veins,Microgabbro,Plagioclase
536,537,536,Black,Serpentinized,Harzburgite,Magmatic,Intrusions,Core,Microbiology,Several,Composition,Mineral
537,538,537,black,serpentinite,pyroxenite,harzburgite,gabbro,vein,offset,serpentinized,altered,patch
538,539,538,Veinlets,Dunitic band,Harzburgite zone,Carbonate,Black veins,Green halos,Breccia zone,Serpentinite vein network,Striations,Leucocratic zone
539,540,539,black veins,green halos,white veinlets,hydrothermal vein,serpentinite vein,gabbro veins,pyroxenite,plagioclase,pyroxene,blue patches
540,541,540,black,green,cores,veinlets,breccia,striations,serpentinized,magmatic/hydrothermal,alteration,network
541,542,541,Visible network,White veinlets,Green hydrothermal vein,Black-green vein,Gabbro and pyroxenite,Subvertical veins,Serpentinized harzburgite,Plagioclase and pyroxene,Green alteration,Red pyroxene
542,543,542,Black vein,Gray borders,Waxy green veins,Serpentinized harzburgite,Altered gabbro,Pegmatitic pyroxenite,Fine-grained pyroxenite,Black serp vein network,Brown pyroxene,Blue-green patches
543,544,543,Veinlets,Hydrothermal zones,Breccia,Gabbro,Pyroxene,Harzburgite,Dunitic zone,Plagioclase,Serpentine,Alteration
544,545,544,Composite veins,White veinlets,Pyroxenite layer,Breccia,Shearing,Massive harzburgite,Gabbro and leucocratic vein,Serpentine,Plagioclase,Brownish patch
545,546,545,Serpentine veins,White veins,Black massive harzburgite,Hydrothermal patches,Leucocratic zones,Disrupted,Plagioclase,Brown to red patches,Green patches,Fine-grained patches
546,547,546,Composite veins,Core breccia,Serpentinized harzburgite,Microgabbro veins,Altered,Disrupted,Serpentine,Plagioclase,Pink patches,Blue patches
547,548,547,fine black serpentine veins,green halos,highly disrupted harzburgite,hydrothermalized zone,pyroxenite veins,coarse-grained gabbro layers,leucocratic patch,white plagioclase,blue patches,brownish-reddish fine-grained patches
548,549,548,Serpentinite veins,Black,Green halos,Crosscutting,Offsetting,Harzburgite,Hydrothermalism,Strong in zone 16-26cm,Fine-grained brown patches,Bulk and veins
549,550,549,"""Summary:\nBlack veins",green halos,harzburgite,pyroxenite,fine network,zone 9-23cm,hidden by tape,serpentine,massive,offsets
550,551,550,Black serpentinite veins,Green halo,White veinlets,Dunitic patch,Striations,Harzburgite,Altered pxenites,Reddish px,Blue patches,Waxy green patches
551,552,551,Harzburgite,Microbiology,Pyroxenites,Black,Serp,Veins,Massive,Section,Study,Geology
552,553,552,Waxy green,Black,White,Hydrothermal veins,Disrupted,Striations,Harzburgite,Hydrothermalization,Patches,Pre-existing structure
553,554,553,Green veins,Black veins,Pyroxenite,Gabbro,Serpentinized harzburgite,Hydrothermalization,Wehrlite/dunite,Blue patches,White plagioclase,Leucocratic vein
554,555,554,Veining,Black,Green,White,Breccia,Harzburgite,Hydrothermalized,Leucocratic,Serp harz,Reaction zones
555,556,555,Blue,Green,Black,Veins,Hydrothermalized zone,Serpentine vein,Pyroxenite vein,Alteration,Striations,Fine network
556,557,556,Black serp veins,hydrothermal veins,white veinlets,green halo,dunitic patches,offset,striations,leucocratic veins,waxy green patches,branching
557,558,557,Serpentine veins,Subvertical,Black to dark green,White to waxy green cores,Crosscutting,Pxenite,Striation,Harzburgite,Crosscutting pxenites,Hydrothermal veins
558,559,558,Veins,Hydrothermalized zone,Black serpentine,Dunitic zone,Gabbro vein,Crosscutting,Pxenite,White veins,Blue patches,Coarse gabbro
559,560,559,Serpentine vein,Black to dark green vein,Pyroxenite,Harzburgite,Dunitic band,Gabbro,Vertical,Serpentinized,Blue-green patches,Network
560,561,560,Hydrothermal vein,Black spots,Crosscutting,White veinlets,Magmatic veins,Black serp,Harzburgite,Wherlite,Variously altered magmatic veins,Plagioclase
561,562,561,0,0,0,0,0,0,0,0,0,0
562,563,562,Black,Serpentine veins,Offset,Intense,Pxnite-rich zones,Microgabbro,Crosscutting,Altered veins,Waxy green patches,Waxy blue patches
563,564,563,Hydrothermal veins,Fine white veinlets,Network of crosscutting veins,Black serp,Highly altered pxnite vein,Microgabbro vein,Intense veined zone,Blue to green patches,Striations,Serpentinization
564,565,564,Veins,Waxy,Green,Black,Gabbro,Shearing,Alteration,Serpentine,Pxnite,Hydrothermal
565,566,565,Veins,Black serpentine,White veins,Hydrothermal,Px-riched,Px-nites,Gabbro,Alteration,Blue patches,Mineral composition
566,567,566,Black serpentine veins,Hydrothermal zone,Magmatic veins,Leucocratic zone,Sheared zone,Highly disturbed zone,Gabbroic vein,Altered serpentine,Plagioclase,Waxy patches
567,568,567,Black,green,veins,sheared,serp,gabbro,plag,fine-grained,leucocratic,striations
568,569,568,Black serp,Dark green network,Localized cores,Highly sheared,Highly altered zones,Olivine rich microgabbro,Serp veins,White plag,Grey patches,Pinkish rims
569,570,569,Black,White,Serpentine,Veins,MBIO Sample,Highly Altered Zone,Px-poor Zone,Harzb,Bulk Sample,Fine Network
570,571,570,Serp veins,Green veins,Black veins,Branching,White veinlets,Waxy,Dunitic zone,Pexenite,Bulk serp,Fine network
571,572,571,network,veins,dunitic zone,gabbro,hydrothermal zone,serp harzb,altered zone,crosscutting coarse gabbro,bulk serp,white plagio
572,573,572,Black serp harzb,crosscutting,altered pxenites,coarse gabbro,dunitic zone,1mm pxenites,21cm,23cm,28cm,31cm
573,574,573,Subvertical veins,Black serpentine,Waxy green veins,White veinlets,Crosscutting,Network,Carbonates,Offset,Striations,Magnetite
574,575,574,Serpentine veins,Gabbroic vein,White veinlets,Pixinite,Crosscutting,Alteration,Black serpentine hzb,Green patches,Blue patches,Red pix in pxinite
575,576,575,Serpentine veins,White,Black,Carbonate,Dark green,Crosscutting,Fine,Striations,Bulk,Network
576,577,576,black vein,green cores,white veinlets,serp vein,carbonate,crosscutting,waxy green vein,dunitic zone,pxnite vein,altered gabbro
577,578,577,Green veinlets,White veinlets,Carbonate,Black cores,Network,Striations,Serpentine,Dunite,Pxnite,Fragmented
578,579,578,Veins,Alteration,Dunite,Microgabbro,Shearing,Melanocratic zone,Serpentinization,Plagioclase,Green patches,Grey patches
579,580,579,Subvertical,Black,Dark green,Serp,Fine white veinlets,Offset,Altered,Pxnite,Melanocratic,Bulk
580,581,580,Veins,Serpentine,Dunite,Gabbro,Crosscutting,Pxnite,Microgabbro,Plagioclase,Network,Bulk
581,582,581,Waxy white veins,Gabbros,Black serpentine veins,Pxnite vein,Olivine layers,Gabbroic veins,Microgabbro,Serpentine network,White plagioclase,Crosscutting
582,583,582,Blue,Serpentine,Vein,Offset,Crosscutting,Network,White,Green,Black,Intrusion
583,584,583,pxnite,serp veins,branching,white,waxy,green,blue,crosscut,network,altered
584,585,584,Black serp veins,White-blue veins,Crosscutting white veins,Waxy-green serp vein,Microgabbroic veins,Olivine-rich microgabbro,Altered pxenite,Serp in bulk and veins,White plag,Grey patches in px
585,586,585,Veins,Gabbro,Hydrothermalization,Serpentine,Pseudotachylyte,Offsets,Dunite,Plagioclase,Microgabbro,Brown patch
586,587,586,Network,Serpentine,Shear zones,Gabbroic vein,Microgabbro,Olivine,Leucocratic zones,Striations,Plagioclase,Brown patches
587,588,587,Serpentine,Veins,Pseudotachylyte,Gabbro,Olivine,Microgabbro,Plagioclase,Minerals,Rocks,Distinct Colors
588,589,588,White vein,Black serpentine vein,Hydrothermal zone,Crosscutting veins,Pseudonite,Striations,Offsets,Serpentine,Harzb,Alteration
589,590,589,Black serp veins,Green halo,Hydrothermal zone,White veinlets,Offset in pxenite,Shearing,Striations,Crosscutting pxenites,Leucocratic patches,Fine black serp vein network
590,591,590,Black serp veins,Magmatic veins,Hydrothermal zone,White to green cores,Fine white veins,Offset and shearing,Microgabbro,Olivine rich,Leucocratic sheared patches,Blue patches
591,592,591,Hydrothermal zone,Serpentine veins,Pseudotachylite (pxenite),Magmatic veins,Sheared leucocratic patches,Harzburgite,Gabbro,Dissolution features,Green patches,Striations
592,593,592,Microbio sample,Evenly spaced veins,Hydrothermal area,High,Extensive,0,0,0,0,0
593,594,593,Serpentinization,Shear zones,Veins,Gabbros,Pxite,Microgabbros,Leucocratic gabbros,Subvertical vein,Red-brown altered Px,Blue and green patches
594,595,594,Serpentine vein,Green,White,Branching,Gabbro,Pxite,Dunite,Harzburgite,Plagioclase,Intrusions
595,596,595,Black,Green,Veins,Gabbro,Pxite,Serp,Harzburgite,Dunite,Altered,Patches
596,597,596,Serpentine veins,Branching veins,Sheared,Harzburgite,Hydrothermal zone,Leucocratic formers,Gabbros/pxites,Px accumulations areas,Green patches,Brown-red pxs
597,598,597,Veins,Magmatic intrusions,Sheared leucocratic zone,Serp harzburgite,Pxite,Microgabbro,Leucocratic patch,Gabbro,Altered area,Petrographic characteristics
598,599,598,Veins,Offsets,Harzburgite,Gabbro,Altered zone,Pxites,Serpentine,Plagioclase,Microgabbro,Blue patches
599,600,599,black,dark green,white,blue,serpentine veins,sheared,hydrothermal alteration,leucocratic patch,former pxite/gabbros,variously altered
600,601,600,Black serp,Dark green veins,Waxy green,White cross-cutting,Hydrothermal zone,Pxite,Structural offsets,Shearing,Red brown Pxite,Locally green patches
601,602,601,Veins,Serpentine,Magmatic intrusions,Alteration,Hydrothermal areas,Harzburgite,Offset,Patches,Plagioclase,Fibrous
602,603,602,Serpentine,Veins,Gabbro,Shearing,Offset,Harzburgite,Plagioclase,Porphyritic,Patches,Minerals
603,604,603,Veins,Sheared,Core,Offsets,Harzburgite,Serpentine,Black,Green/Blue,Red Dotted,Heavy
604,605,604,Black,green,veins,sheared,harzburgite,gabbro,pxite,serp,plag,brown
605,606,605,Color variation,Serpentine veins,White veins,Branching,Sheared zone,Harzburgite,Hydrothermalised brecchia,Melanocratic,Alteration,Green shade
606,607,606,Black serpentine,Harzburgite,MBIO,Numerous,Pxites,Crosscutting,Hzbg,Outcrop,Offsets,Obvious
607,608,607,Serpentine veins,White veins,Sheared,Harzburgite,Pxites,Outcore offsets,Bulk serpentine,Brown pyroxene,Green patches,Crosscutting veins
608,609,608,Serpentine,Veins,Harzburgite,Pxites,Outcore offsets,Green,Brown,Blue,Crosscutting,Network
609,610,609,Green to white serp veins,Black serp veins with green borders,High disruption below 48cm,Serpentinized harz,Poor opx patch from 6 to 14 cm,Extensive alteration from 19 to 28cm and 38 to 85cm,Fine black serp vein network,Brownish grainy patches at 23 to 28cm and 39 to 44cm,Waxy green serpentinite,Blue-green patches
610,611,610,Large white serp patch,31 to 38 cm,Difficult,Hydrothermalized,Highly disrupted,Black serp harzburgite,Pyroxenite,45-51cm,Highly altered,Waxy green pyroxene
611,612,611,Black serp veins,Green halos,Waxy green serp veins,Pyroxenite,Serpentinite vein,Highly altered harz,Disrupted pyroxenite layer,Fine black serp vein network,Large waxy green serpentine patches,Brownish patches
612,613,612,Serp veins,Leucocratic veins,Pyroxenite vein,Brecciated,High angle,Thin veins,Brown material,Black serp,White veinlets,White patches
613,614,613,Black,Serp harz,Thick,Vertical,Leucocratic,Traverses,Hydrothermalized,Zone,Highly,18cm
614,615,614,Vein families,Black and white,Serpentine,Pyroxene-poor,Pyroxene-rich,Pyroxenite veins,Hydrothermalism,Alteration,Disruption,Core
615,616,615,Large veins,Concentrated,Serpentine,Pyroxenite,Alternating zones,Rich,Poor,Waxy,Green,Patch
616,617,616,Veins,Concentrated,Carbonate,Serpentine,Gabbro,Pyroxenites,Moderately dipping,Coarse-grained,Poor zone,Depth
617,618,617,Vein,Black serp,Olivine,Microgabbro,Border,Pyroxenite,Croscutting,Pyroxene-rich,Zone,Alternating
618,619,618,Veins,Abundant,Complex zone,Black serp harz,Pyroxenite veins,Moderate to high angle,Top of section,Mineralogy,Geological feature,Sectional position
619,620,619,Black,Serp,Harz,Microbio,Sample,Pxenites,Fine-grained,Small area,Main,Vein
620,621,620,Black,Serp,Harzb,Hydrothermalized,Btwn,53-66cm,Mineralization,Chemical composition,Geology,Exploration
621,622,621,Veins,Abundant,Below,Vertical,Offsets,Black serp harzburgite,Crosscutting,Fine-grained,Microgabbro,Gabbroic/pxenitic
622,623,622,Veins,Zone,Intensity,Serpentine,Harzburgite,Igneous,Hydrothermal,Gabbro,Wehrlite,Pyroxenite
623,624,623,veins,serp harz,gabbro,hydrothermal,perturbed zone,pyroxenite,microgabbro,offset,dunitic zone,0
624,625,624,white hydrothermal veins,black serp harz,disruption,leucocratic vein,microgabbro,pyroxenite,alteration,gabbroic vein,intrusions,vertical
625,626,625,Black serp harz,Massive,Pyroxenite,"28-31cm, 33-35cm, and 58cm",2 small microgabbros,60-66cm and 65-67cm,Section cracked,Below 50 cm veins,Disruption,Common
626,627,626,Veins,Size,Mineral composition,Black serpentine,Harzburgite,Igneous,Hydrothermal,Leucocratic patches,Depth,Mineralization characteristics
627,628,627,Breccia,Black,Serp,Harzb,Pxenites,Coarse grain,Offset,Gabbro,8-51 cm,56-69 cm
628,629,628,Striations,Top,Black,Serpentine,Perturbed,Altered,Identification,Igneous,Features,Difficulty
629,630,629,Subvertical,Waxy-green,Serp vein,Striations,Black serp dunite,Magnetite,Pexenite veins,Olivine,Cut,Perturbed
630,631,630,Black serp,Poor-px,Hzb,Px-rich,Dunitic,Sheared,Green serp,Pxnite,Fine black serp vein network,Bulk
631,632,631,network,veins,pxnite,serp,altered,offset,black,white,waxy green,bulk.
632,633,632,Carbonate,Dunitic,Striations,Serpentine,Hydrothermalized,Veins,Bulk,Fine,Pxnite,Network
633,634,633,Serpentine,Small veins,Waxy green,Subvertical,Striations,Taped,Black serp px-poor hzb,Bulk and veins,Fine black serp vein network,Section
634,635,634,Microbio sample,Black serpentine,Disturbed section,Large vein,Gabbroic,Highly altered,Crosscutting,Offset,Fine network,Bulk
635,636,635,Black,Serpentine,Hydrothermalized,Gabbroic vein,Disruption,Bulk,Fine,Network,Section,Veins
636,637,636,Disturbed,Hydrothermalized,Altered gabbroic vein,Highly altered leucocratic vein,Serp,Network,Gabbroic,Leucocratic,Bulk,Formation
637,638,637,network,black serpentine veins,disturbing,gabbroic,pyroxenite,bulk,fine,depth,association,zone.
638,639,638,Black serp veins,highly disturbed zone,hydrothermal vein,pxnite veins,network,0,0,0,0,0
639,640,639,Black serpentine,Melanocratic vein,Pxinite vein,Offset,Highly serpentine,Zone,Bulk,Veins,Network,Fine
640,641,640,minor carbonate,veins,dunitic patch,serpentine,hydrothermal vein,gabbroic vein,altered,pxnite zone,bulk,network
641,642,641,Black serp veins,Melanocratic zone,Pxnite veins,Subvertical,Dunitic zone,Crosscutting,Green serp veins,Fine network,Bulk serp,Depth variation
642,643,642,Serp,Hzb,Melanocratic,Pxnite,Veins,Green,Altered,Hydrothermal,Bulk,Fine
643,644,643,intense black,serpentine veins,straight,layered,brecciated,fine,network,associated,lower zone,bulk
644,645,644,Background,Black,Serp,Veins,Pxnite,23-28cm,33-35cm,Subvertical,Melanocratic zone,Crosscutting
645,646,645,Green serp veins,Black serp hzb,Pxnite veins,Melanocratic zone,Altered gabbroic vein,Sheared gabbroic vein,Hydrothermal vein,Subvertical,Background black serp veins,Strangely straight
646,647,646,Black serpentine,Dunitic patch,Pxinite vein,Melanocratic vein,Altered gabbroic veins,Hydrothermal vein,Subvertical,Fine black serpentine vein network,Serpentinization,Mineral alteration
647,648,647,Microbio sample,Black serp,Pxnite vein,Crosscut,Offset,Serp veins,Leucocratic patches,Serp in bulk,Fine black serp vein network,Disturbed top
648,649,648,Black serpentine,veins,thin,bulk,fine network,57-62cm,1mm,70cm,2-3mm,top and below
649,650,649,black serp,hydrothermally altered,brecciated,pxnite-rich,leucocratic-patch zone,network,veins,fine,bulk,20cm
650,651,650,Black serp,hzb finishing,px-poor,zone below 20cm,finite vein,39-45cm,several black serp veins,above 20cm,pxnite vein,9-19cm
651,652,651,Black serp,hzb,dunitic zone,magmatic veins,altered,gabbroic vein,serp vein,highly serp,pxenites,microgabbros
652,653,652,Black,Serpentine,Altered,Thin,Pyroxene,Vein,Top,Bulk,Fine,Network
653,654,653,black serp dunite,offset microgabbroic vein,small px-patches,large black serp veins,thin white vein network,20cm,fine black serp vein networ,0,0,0
654,655,654,microgabbro,alteration,white veins,crosscutting,serp,fine black serp vein network,depth,bulk,texture,mineral
